Product Title,Product MRP,Discounted Price,Product Rating,Rating Count,Product Image URL,Product URL
Crocs Unisex-Adult Classic Clogs,"INR 4,196.91","INR 3,767.90",4.8 out of 5 stars,"589,076",https://m.media-amazon.com/images/I/81LPwvQLXJL._AC_UL320_.jpg,https://www.amazon.com/Crocs-Unisex-Classic-Black-Women/dp/B0014C2NBC/ref=sr_1_3?dib=eyJ2IjoiMSJ9.8mRVZL4_10hbusz42tH7enW5TxrcQak8C7jjq9wOsZQilgpDbqf-mCd8KWUNjP6Q6ZyOYYp1fs6Gc74kG9KB1cG0YeEQjVXnEz8ffnQTVVlVWPb1_vj_WXdDYhMfZlOKxfcm7f0MaxJl_Me33EVoGrGBEpy8RspL59RWxL7cwyEVxLBzN6xyUgGCe8BtFprkImR7kbGuDg9DmVMf1mP1bfX1deodqlNhuhZrGFMMN6IsOhLWIl2ivZxJvskEhZZBeHH04OrSBQR1itN1XsyDvqVz6PqBZpwGTnMhgpGAiOY.VHYdt07k5a46R0eCxGXvg_XySFmNciEEFaiw5wx6TwM&dib_tag=se&keywords=shoes&qid=1725389899&sr=8-3
New Balance Men's 608 V5 Casual Comfort Cross Trainer,"INR 6,295.79","INR 5,876.01",4.6 out of 5 stars,"79,353",https://m.media-amazon.com/images/I/61Ht6pj0JiL._AC_UL320_.jpg,https://www.amazon.com/New-Balance-Casual-Comfort-Trainer/dp/B07B421VFF/ref=sr_1_4?dib=eyJ2IjoiMSJ9.8mRVZL4_10hbusz42tH7enW5TxrcQak8C7jjq9wOsZQilgpDbqf-mCd8KWUNjP6Q6ZyOYYp1fs6Gc74kG9KB1cG0YeEQjVXnEz8ffnQTVVlVWPb1_vj_WXdDYhMfZlOKxfcm7f0MaxJl_Me33EVoGrGBEpy8RspL59RWxL7cwyEVxLBzN6xyUgGCe8BtFprkImR7kbGuDg9DmVMf1mP1bfX1deodqlNhuhZrGFMMN6IsOhLWIl2ivZxJvskEhZZBeHH04OrSBQR1itN1XsyDvqVz6PqBZpwGTnMhgpGAiOY.VHYdt07k5a46R0eCxGXvg_XySFmNciEEFaiw5wx6TwM&dib_tag=se&keywords=shoes&qid=1725389899&sr=8-4
Reebok Men's BB4500 Hi 2 Sneaker,"INR 5,876.85","INR 3,291.04",4.5 out of 5 stars,"19,453",https://m.media-amazon.com/images/I/71ZdYTjbYIL._AC_UL320_.jpg,https://www.amazon.com/Reebok-Royal-BB4500H2-Walking-Black/dp/B07B517S7Y/ref=sr_1_5?dib=eyJ2IjoiMSJ9.8mRVZL4_10hbusz42tH7enW5TxrcQak8C7jjq9wOsZQilgpDbqf-mCd8KWUNjP6Q6ZyOYYp1fs6Gc74kG9KB1cG0YeEQjVXnEz8ffnQTVVlVWPb1_vj_WXdDYhMfZlOKxfcm7f0MaxJl_Me33EVoGrGBEpy8RspL59RWxL7cwyEVxLBzN6xyUgGCe8BtFprkImR7kbGuDg9DmVMf1mP1bfX1deodqlNhuhZrGFMMN6IsOhLWIl2ivZxJvskEhZZBeHH04OrSBQR1itN1XsyDvqVz6PqBZpwGTnMhgpGAiOY.VHYdt07k5a46R0eCxGXvg_XySFmNciEEFaiw5wx6TwM&dib_tag=se&keywords=shoes&qid=1725389899&sr=8-5
Skechers Men's Cessnock Food Service Shoe,"INR 5,872.65","INR 4,214.54",4.5 out of 5 stars,"27,514",https://m.media-amazon.com/images/I/71k4rWgqrHL._AC_UL320_.jpg,https://www.amazon.com/Skechers-Mens-Cessnock-Shoe-Black/dp/B07FBJST2L/ref=sr_1_7?dib=eyJ2IjoiMSJ9.8mRVZL4_10hbusz42tH7enW5TxrcQak8C7jjq9wOsZQilgpDbqf-mCd8KWUNjP6Q6ZyOYYp1fs6Gc74kG9KB1cG0YeEQjVXnEz8ffnQTVVlVWPb1_vj_WXdDYhMfZlOKxfcm7f0MaxJl_Me33EVoGrGBEpy8RspL59RWxL7cwyEVxLBzN6xyUgGCe8BtFprkImR7kbGuDg9DmVMf1mP1bfX1deodqlNhuhZrGFMMN6IsOhLWIl2ivZxJvskEhZZBeHH04OrSBQR1itN1XsyDvqVz6PqBZpwGTnMhgpGAiOY.VHYdt07k5a46R0eCxGXvg_XySFmNciEEFaiw5wx6TwM&dib_tag=se&keywords=shoes&qid=1725389899&sr=8-7
Skechers Women's D'Lites Fresh Start Memory Foam Lace-up Sneaker Fashion,"INR 6,212.67","INR 3,775.46",4.6 out of 5 stars,"20,434",https://m.media-amazon.com/images/I/51+3J2SqJRL._AC_UL320_.jpg,https://www.amazon.com/Skechers-Womens-DLites-Lace-up-Sneaker/dp/B014GNK1M8/ref=sr_1_9?dib=eyJ2IjoiMSJ9.8mRVZL4_10hbusz42tH7enW5TxrcQak8C7jjq9wOsZQilgpDbqf-mCd8KWUNjP6Q6ZyOYYp1fs6Gc74kG9KB1cG0YeEQjVXnEz8ffnQTVVlVWPb1_vj_WXdDYhMfZlOKxfcm7f0MaxJl_Me33EVoGrGBEpy8RspL59RWxL7cwyEVxLBzN6xyUgGCe8BtFprkImR7kbGuDg9DmVMf1mP1bfX1deodqlNhuhZrGFMMN6IsOhLWIl2ivZxJvskEhZZBeHH04OrSBQR1itN1XsyDvqVz6PqBZpwGTnMhgpGAiOY.VHYdt07k5a46R0eCxGXvg_XySFmNciEEFaiw5wx6TwM&dib_tag=se&keywords=shoes&qid=1725389899&sr=8-9
PUMA Men's Rebound Layup Sneaker,"INR 5,876.85","INR 3,819.95",4.5 out of 5 stars,"2,864",https://m.media-amazon.com/images/I/61xMnRnZVYL._AC_UL320_.jpg,https://www.amazon.com/PUMA-Rebound-Layup-Black-White/dp/B07GQY3BJ6/ref=sr_1_13?dib=eyJ2IjoiMSJ9.8mRVZL4_10hbusz42tH7enW5TxrcQak8C7jjq9wOsZQilgpDbqf-mCd8KWUNjP6Q6ZyOYYp1fs6Gc74kG9KB1cG0YeEQjVXnEz8ffnQTVVlVWPb1_vj_WXdDYhMfZlOKxfcm7f0MaxJl_Me33EVoGrGBEpy8RspL59RWxL7cwyEVxLBzN6xyUgGCe8BtFprkImR7kbGuDg9DmVMf1mP1bfX1deodqlNhuhZrGFMMN6IsOhLWIl2ivZxJvskEhZZBeHH04OrSBQR1itN1XsyDvqVz6PqBZpwGTnMhgpGAiOY.VHYdt07k5a46R0eCxGXvg_XySFmNciEEFaiw5wx6TwM&dib_tag=se&keywords=shoes&qid=1725389899&sr=8-13
adidas Men's Grand Court 2.0,"INR 5,876.85","INR 5,456.24",4.7 out of 5 stars,"4,302",https://m.media-amazon.com/images/I/61WCGhLlXmL._AC_UL320_.jpg,https://www.amazon.com/adidas-Grand-Court-Tennis-White/dp/B09DXVJRDL/ref=sr_1_14?dib=eyJ2IjoiMSJ9.8mRVZL4_10hbusz42tH7enW5TxrcQak8C7jjq9wOsZQilgpDbqf-mCd8KWUNjP6Q6ZyOYYp1fs6Gc74kG9KB1cG0YeEQjVXnEz8ffnQTVVlVWPb1_vj_WXdDYhMfZlOKxfcm7f0MaxJl_Me33EVoGrGBEpy8RspL59RWxL7cwyEVxLBzN6xyUgGCe8BtFprkImR7kbGuDg9DmVMf1mP1bfX1deodqlNhuhZrGFMMN6IsOhLWIl2ivZxJvskEhZZBeHH04OrSBQR1itN1XsyDvqVz6PqBZpwGTnMhgpGAiOY.VHYdt07k5a46R0eCxGXvg_XySFmNciEEFaiw5wx6TwM&dib_tag=se&keywords=shoes&qid=1725389899&sr=8-14
Brooks Men’s Revel 6 Neutral Running Shoe,"INR 8,395.50","INR 6,712.20",4.6 out of 5 stars,"1,135",https://m.media-amazon.com/images/I/71smGwUbAvL._AC_UL320_.jpg,https://www.amazon.com/Brooks-Mens-Revel-Neutral-Running/dp/B0BHKKCPW9/ref=sr_1_15?dib=eyJ2IjoiMSJ9.8mRVZL4_10hbusz42tH7enW5TxrcQak8C7jjq9wOsZQilgpDbqf-mCd8KWUNjP6Q6ZyOYYp1fs6Gc74kG9KB1cG0YeEQjVXnEz8ffnQTVVlVWPb1_vj_WXdDYhMfZlOKxfcm7f0MaxJl_Me33EVoGrGBEpy8RspL59RWxL7cwyEVxLBzN6xyUgGCe8BtFprkImR7kbGuDg9DmVMf1mP1bfX1deodqlNhuhZrGFMMN6IsOhLWIl2ivZxJvskEhZZBeHH04OrSBQR1itN1XsyDvqVz6PqBZpwGTnMhgpGAiOY.VHYdt07k5a46R0eCxGXvg_XySFmNciEEFaiw5wx6TwM&dib_tag=se&keywords=shoes&qid=1725389899&sr=8-15
Skechers Men's Afterburn M. Fit,"INR 6,212.67","INR 5,298.40",4.4 out of 5 stars,"80,189",https://m.media-amazon.com/images/I/81y20ceCWsL._AC_UL320_.jpg,https://www.amazon.com/Skechers-Afterburn-fashion-sneakers-X-Wide/dp/B00FZN1KWE/ref=sr_1_16?dib=eyJ2IjoiMSJ9.8mRVZL4_10hbusz42tH7enW5TxrcQak8C7jjq9wOsZQilgpDbqf-mCd8KWUNjP6Q6ZyOYYp1fs6Gc74kG9KB1cG0YeEQjVXnEz8ffnQTVVlVWPb1_vj_WXdDYhMfZlOKxfcm7f0MaxJl_Me33EVoGrGBEpy8RspL59RWxL7cwyEVxLBzN6xyUgGCe8BtFprkImR7kbGuDg9DmVMf1mP1bfX1deodqlNhuhZrGFMMN6IsOhLWIl2ivZxJvskEhZZBeHH04OrSBQR1itN1XsyDvqVz6PqBZpwGTnMhgpGAiOY.VHYdt07k5a46R0eCxGXvg_XySFmNciEEFaiw5wx6TwM&dib_tag=se&keywords=shoes&qid=1725389899&sr=8-16
Skechers Men's GOrun Consistent Sneaker,"INR 5,205.21","INR 3,777.14",4.5 out of 5 stars,"16,101",https://m.media-amazon.com/images/I/71EA4iED5zL._AC_UL320_.jpg,https://www.amazon.com/Go-Run-Consistent-Performance-Running/dp/B07YQNVKZP/ref=sr_1_18?dib=eyJ2IjoiMSJ9.8mRVZL4_10hbusz42tH7enW5TxrcQak8C7jjq9wOsZQilgpDbqf-mCd8KWUNjP6Q6ZyOYYp1fs6Gc74kG9KB1cG0YeEQjVXnEz8ffnQTVVlVWPb1_vj_WXdDYhMfZlOKxfcm7f0MaxJl_Me33EVoGrGBEpy8RspL59RWxL7cwyEVxLBzN6xyUgGCe8BtFprkImR7kbGuDg9DmVMf1mP1bfX1deodqlNhuhZrGFMMN6IsOhLWIl2ivZxJvskEhZZBeHH04OrSBQR1itN1XsyDvqVz6PqBZpwGTnMhgpGAiOY.VHYdt07k5a46R0eCxGXvg_XySFmNciEEFaiw5wx6TwM&dib_tag=se&keywords=shoes&qid=1725389899&sr=8-18
PUMA Men's Axelion,"INR 6,716.40","INR 6,295.79",4.5 out of 5 stars,"11,085",https://m.media-amazon.com/images/I/81tc6arDvFL._AC_UL320_.jpg,https://www.amazon.com/PUMA-Mens-Axelion-Running-Black-Castlerock/dp/B08KK9J54W/ref=sr_1_19?dib=eyJ2IjoiMSJ9.8mRVZL4_10hbusz42tH7enW5TxrcQak8C7jjq9wOsZQilgpDbqf-mCd8KWUNjP6Q6ZyOYYp1fs6Gc74kG9KB1cG0YeEQjVXnEz8ffnQTVVlVWPb1_vj_WXdDYhMfZlOKxfcm7f0MaxJl_Me33EVoGrGBEpy8RspL59RWxL7cwyEVxLBzN6xyUgGCe8BtFprkImR7kbGuDg9DmVMf1mP1bfX1deodqlNhuhZrGFMMN6IsOhLWIl2ivZxJvskEhZZBeHH04OrSBQR1itN1XsyDvqVz6PqBZpwGTnMhgpGAiOY.VHYdt07k5a46R0eCxGXvg_XySFmNciEEFaiw5wx6TwM&dib_tag=se&keywords=shoes&qid=1725389899&sr=8-19
Skechers Women's Ghenter Bronaugh Food Service Shoe,"INR 5,457.08","INR 3,777.98",4.4 out of 5 stars,"23,978",https://m.media-amazon.com/images/I/51vFYW35+0L._AC_UL320_.jpg,https://www.amazon.com/Skechers-Womens-Ghenter-Bronaugh-Service/dp/B01N7NTCUH/ref=sr_1_20?dib=eyJ2IjoiMSJ9.8mRVZL4_10hbusz42tH7enW5TxrcQak8C7jjq9wOsZQilgpDbqf-mCd8KWUNjP6Q6ZyOYYp1fs6Gc74kG9KB1cG0YeEQjVXnEz8ffnQTVVlVWPb1_vj_WXdDYhMfZlOKxfcm7f0MaxJl_Me33EVoGrGBEpy8RspL59RWxL7cwyEVxLBzN6xyUgGCe8BtFprkImR7kbGuDg9DmVMf1mP1bfX1deodqlNhuhZrGFMMN6IsOhLWIl2ivZxJvskEhZZBeHH04OrSBQR1itN1XsyDvqVz6PqBZpwGTnMhgpGAiOY.VHYdt07k5a46R0eCxGXvg_XySFmNciEEFaiw5wx6TwM&dib_tag=se&keywords=shoes&qid=1725389899&sr=8-20
Rockport Men's Chranson Walking Shoe,"INR 10,494.38","INR 6,380.58",4.2 out of 5 stars,"10,287",https://m.media-amazon.com/images/I/71uEkSxm-ML._AC_UL320_.jpg,https://www.amazon.com/Rockport-Chranson-Brown-Black-10-5/dp/B005UF9SW6/ref=sr_1_21?dib=eyJ2IjoiMSJ9.8mRVZL4_10hbusz42tH7enW5TxrcQak8C7jjq9wOsZQilgpDbqf-mCd8KWUNjP6Q6ZyOYYp1fs6Gc74kG9KB1cG0YeEQjVXnEz8ffnQTVVlVWPb1_vj_WXdDYhMfZlOKxfcm7f0MaxJl_Me33EVoGrGBEpy8RspL59RWxL7cwyEVxLBzN6xyUgGCe8BtFprkImR7kbGuDg9DmVMf1mP1bfX1deodqlNhuhZrGFMMN6IsOhLWIl2ivZxJvskEhZZBeHH04OrSBQR1itN1XsyDvqVz6PqBZpwGTnMhgpGAiOY.VHYdt07k5a46R0eCxGXvg_XySFmNciEEFaiw5wx6TwM&dib_tag=se&keywords=shoes&qid=1725389899&sr=8-21
Skechers Mens Stamina Nuovo,"INR 5,624.98","INR 5,037.30",4.6 out of 5 stars,"18,836",https://m.media-amazon.com/images/I/61Z25CwqSbL._AC_UL320_.jpg,https://www.amazon.com/Skechers-Stamina-Cutback-Lace-Up-Charcoal/dp/B00A2BS4YQ/ref=sr_1_22?dib=eyJ2IjoiMSJ9.8mRVZL4_10hbusz42tH7enW5TxrcQak8C7jjq9wOsZQilgpDbqf-mCd8KWUNjP6Q6ZyOYYp1fs6Gc74kG9KB1cG0YeEQjVXnEz8ffnQTVVlVWPb1_vj_WXdDYhMfZlOKxfcm7f0MaxJl_Me33EVoGrGBEpy8RspL59RWxL7cwyEVxLBzN6xyUgGCe8BtFprkImR7kbGuDg9DmVMf1mP1bfX1deodqlNhuhZrGFMMN6IsOhLWIl2ivZxJvskEhZZBeHH04OrSBQR1itN1XsyDvqVz6PqBZpwGTnMhgpGAiOY.VHYdt07k5a46R0eCxGXvg_XySFmNciEEFaiw5wx6TwM&dib_tag=se&keywords=shoes&qid=1725389899&sr=8-22
WHITIN Men's Wide Minimalist Barefoot Sneakers | Zero Drop Sole | Optimal Relaxation,"INR 4,196.91","INR 3,525.27",4.4 out of 5 stars,"5,818",https://m.media-amazon.com/images/I/91aCN0PkV2L._AC_UL320_.jpg,https://www.amazon.com/WHITIN-Barefoot-Weightlifting-Minimalist-Lightweight/dp/B09Z6G238T/ref=sr_1_23?dib=eyJ2IjoiMSJ9.8mRVZL4_10hbusz42tH7enW5TxrcQak8C7jjq9wOsZQilgpDbqf-mCd8KWUNjP6Q6ZyOYYp1fs6Gc74kG9KB1cG0YeEQjVXnEz8ffnQTVVlVWPb1_vj_WXdDYhMfZlOKxfcm7f0MaxJl_Me33EVoGrGBEpy8RspL59RWxL7cwyEVxLBzN6xyUgGCe8BtFprkImR7kbGuDg9DmVMf1mP1bfX1deodqlNhuhZrGFMMN6IsOhLWIl2ivZxJvskEhZZBeHH04OrSBQR1itN1XsyDvqVz6PqBZpwGTnMhgpGAiOY.VHYdt07k5a46R0eCxGXvg_XySFmNciEEFaiw5wx6TwM&dib_tag=se&keywords=shoes&qid=1725389899&sr=8-23
Lugz Men's Lear Classic Fashion Sneaker,"INR 4,197.75","INR 2,935.91",4.4 out of 5 stars,"4,113",https://m.media-amazon.com/images/I/51SBsiIXydL._AC_UL320_.jpg,https://www.amazon.com/Lugz-Mens-Lear-Sneaker-Black/dp/B08Z7SCF8S/ref=sr_1_25?dib=eyJ2IjoiMSJ9.8mRVZL4_10hbusz42tH7enW5TxrcQak8C7jjq9wOsZQilgpDbqf-mCd8KWUNjP6Q6ZyOYYp1fs6Gc74kG9KB1cG0YeEQjVXnEz8ffnQTVVlVWPb1_vj_WXdDYhMfZlOKxfcm7f0MaxJl_Me33EVoGrGBEpy8RspL59RWxL7cwyEVxLBzN6xyUgGCe8BtFprkImR7kbGuDg9DmVMf1mP1bfX1deodqlNhuhZrGFMMN6IsOhLWIl2ivZxJvskEhZZBeHH04OrSBQR1itN1XsyDvqVz6PqBZpwGTnMhgpGAiOY.VHYdt07k5a46R0eCxGXvg_XySFmNciEEFaiw5wx6TwM&dib_tag=se&keywords=shoes&qid=1725389899&sr=8-25
Lugz Men's Flip Sneaker,"INR 3,357.36","INR 1,434.79",4.3 out of 5 stars,"10,733",https://m.media-amazon.com/images/I/41jwG8woY8L._AC_UL320_.jpg,https://www.amazon.com/Lugz-Mens-Flip-Sneaker-White/dp/B07HQVDST5/ref=sr_1_27?dib=eyJ2IjoiMSJ9.8mRVZL4_10hbusz42tH7enW5TxrcQak8C7jjq9wOsZQilgpDbqf-mCd8KWUNjP6Q6ZyOYYp1fs6Gc74kG9KB1cG0YeEQjVXnEz8ffnQTVVlVWPb1_vj_WXdDYhMfZlOKxfcm7f0MaxJl_Me33EVoGrGBEpy8RspL59RWxL7cwyEVxLBzN6xyUgGCe8BtFprkImR7kbGuDg9DmVMf1mP1bfX1deodqlNhuhZrGFMMN6IsOhLWIl2ivZxJvskEhZZBeHH04OrSBQR1itN1XsyDvqVz6PqBZpwGTnMhgpGAiOY.VHYdt07k5a46R0eCxGXvg_XySFmNciEEFaiw5wx6TwM&dib_tag=se&keywords=shoes&qid=1725389899&sr=8-27
Skechers men's Hands Free Slip-ins Bobs Squad Chaos-Daily Hype Sneaker,"INR 5,876.01","INR 4,617.52",4.7 out of 5 stars,586,https://m.media-amazon.com/images/I/812weMlDgzL._AC_UL320_.jpg,https://www.amazon.com/Skechers-Bobs-Squad-Chaos-Slip-Ins/dp/B0CB238GYR/ref=sr_1_28?dib=eyJ2IjoiMSJ9.8mRVZL4_10hbusz42tH7enW5TxrcQak8C7jjq9wOsZQilgpDbqf-mCd8KWUNjP6Q6ZyOYYp1fs6Gc74kG9KB1cG0YeEQjVXnEz8ffnQTVVlVWPb1_vj_WXdDYhMfZlOKxfcm7f0MaxJl_Me33EVoGrGBEpy8RspL59RWxL7cwyEVxLBzN6xyUgGCe8BtFprkImR7kbGuDg9DmVMf1mP1bfX1deodqlNhuhZrGFMMN6IsOhLWIl2ivZxJvskEhZZBeHH04OrSBQR1itN1XsyDvqVz6PqBZpwGTnMhgpGAiOY.VHYdt07k5a46R0eCxGXvg_XySFmNciEEFaiw5wx6TwM&dib_tag=se&keywords=shoes&qid=1725389899&sr=8-28
Skechers Men's Flex Advantage Bendon Work Shoe,"INR 7,136.18","INR 4,196.91",4.4 out of 5 stars,"14,484",https://m.media-amazon.com/images/I/71HLzWRZ7UL._AC_UL320_.jpg,https://www.amazon.com/Skechers-Work-Advantage-Bendon-Black/dp/B01N2ZIDHO/ref=sr_1_29?dib=eyJ2IjoiMSJ9.8mRVZL4_10hbusz42tH7enW5TxrcQak8C7jjq9wOsZQilgpDbqf-mCd8KWUNjP6Q6ZyOYYp1fs6Gc74kG9KB1cG0YeEQjVXnEz8ffnQTVVlVWPb1_vj_WXdDYhMfZlOKxfcm7f0MaxJl_Me33EVoGrGBEpy8RspL59RWxL7cwyEVxLBzN6xyUgGCe8BtFprkImR7kbGuDg9DmVMf1mP1bfX1deodqlNhuhZrGFMMN6IsOhLWIl2ivZxJvskEhZZBeHH04OrSBQR1itN1XsyDvqVz6PqBZpwGTnMhgpGAiOY.VHYdt07k5a46R0eCxGXvg_XySFmNciEEFaiw5wx6TwM&dib_tag=se&keywords=shoes&qid=1725389899&sr=8-29
Levi's Men's Drive Lo Sneaker,"INR 5,037.30","INR 4,616.69",4.5 out of 5 stars,437,https://m.media-amazon.com/images/I/6142OWIukjL._AC_UL320_.jpg,https://www.amazon.com/Levis-Synthetic-Leather-Lace-Up-Sneaker/dp/B0BN4MHG8L/ref=sr_1_32?dib=eyJ2IjoiMSJ9.8mRVZL4_10hbusz42tH7enW5TxrcQak8C7jjq9wOsZQilgpDbqf-mCd8KWUNjP6Q6ZyOYYp1fs6Gc74kG9KB1cG0YeEQjVXnEz8ffnQTVVlVWPb1_vj_WXdDYhMfZlOKxfcm7f0MaxJl_Me33EVoGrGBEpy8RspL59RWxL7cwyEVxLBzN6xyUgGCe8BtFprkImR7kbGuDg9DmVMf1mP1bfX1deodqlNhuhZrGFMMN6IsOhLWIl2ivZxJvskEhZZBeHH04OrSBQR1itN1XsyDvqVz6PqBZpwGTnMhgpGAiOY.VHYdt07k5a46R0eCxGXvg_XySFmNciEEFaiw5wx6TwM&dib_tag=se&keywords=shoes&qid=1725389899&sr=8-32
New Balance Women's 608 V5 Cross Trainer,"INR 6,295.79","INR 5,876.01",4.5 out of 5 stars,"26,236",https://m.media-amazon.com/images/I/61X4RYlGjBL._AC_UL320_.jpg,https://www.amazon.com/New-Balance-Womens-Comfort-Trainer/dp/B07B41TY57/ref=sr_1_33?dib=eyJ2IjoiMSJ9.8mRVZL4_10hbusz42tH7enW5TxrcQak8C7jjq9wOsZQilgpDbqf-mCd8KWUNjP6Q6ZyOYYp1fs6Gc74kG9KB1cG0YeEQjVXnEz8ffnQTVVlVWPb1_vj_WXdDYhMfZlOKxfcm7f0MaxJl_Me33EVoGrGBEpy8RspL59RWxL7cwyEVxLBzN6xyUgGCe8BtFprkImR7kbGuDg9DmVMf1mP1bfX1deodqlNhuhZrGFMMN6IsOhLWIl2ivZxJvskEhZZBeHH04OrSBQR1itN1XsyDvqVz6PqBZpwGTnMhgpGAiOY.VHYdt07k5a46R0eCxGXvg_XySFmNciEEFaiw5wx6TwM&dib_tag=se&keywords=shoes&qid=1725389899&sr=8-33
Skechers Men's Moreno Ederson Oxford,"INR 5,876.85","INR 4,182.64",4.4 out of 5 stars,"13,279",https://m.media-amazon.com/images/I/81-sSBrfNhL._AC_UL320_.jpg,https://www.amazon.com/Skechers-Moreno-Canvas-Oxford-Beige/dp/B07JVQDK2Y/ref=sr_1_34?dib=eyJ2IjoiMSJ9.8mRVZL4_10hbusz42tH7enW5TxrcQak8C7jjq9wOsZQilgpDbqf-mCd8KWUNjP6Q6ZyOYYp1fs6Gc74kG9KB1cG0YeEQjVXnEz8ffnQTVVlVWPb1_vj_WXdDYhMfZlOKxfcm7f0MaxJl_Me33EVoGrGBEpy8RspL59RWxL7cwyEVxLBzN6xyUgGCe8BtFprkImR7kbGuDg9DmVMf1mP1bfX1deodqlNhuhZrGFMMN6IsOhLWIl2ivZxJvskEhZZBeHH04OrSBQR1itN1XsyDvqVz6PqBZpwGTnMhgpGAiOY.VHYdt07k5a46R0eCxGXvg_XySFmNciEEFaiw5wx6TwM&dib_tag=se&keywords=shoes&qid=1725389899&sr=8-34
Rockport Men's Eureka Walking Shoe,"INR 8,395.50","INR 5,050.73",4.3 out of 5 stars,"27,201",https://m.media-amazon.com/images/I/71T-kM6A9uL._AC_UL320_.jpg,https://www.amazon.com/Rockport-Mens-Eureka-Walking-Brown/dp/B000W8WVUW/ref=sr_1_35?dib=eyJ2IjoiMSJ9.8mRVZL4_10hbusz42tH7enW5TxrcQak8C7jjq9wOsZQilgpDbqf-mCd8KWUNjP6Q6ZyOYYp1fs6Gc74kG9KB1cG0YeEQjVXnEz8ffnQTVVlVWPb1_vj_WXdDYhMfZlOKxfcm7f0MaxJl_Me33EVoGrGBEpy8RspL59RWxL7cwyEVxLBzN6xyUgGCe8BtFprkImR7kbGuDg9DmVMf1mP1bfX1deodqlNhuhZrGFMMN6IsOhLWIl2ivZxJvskEhZZBeHH04OrSBQR1itN1XsyDvqVz6PqBZpwGTnMhgpGAiOY.VHYdt07k5a46R0eCxGXvg_XySFmNciEEFaiw5wx6TwM&dib_tag=se&keywords=shoes&qid=1725389899&sr=8-35
MOZO Men's Forza Industrial & Construction Shoe,"INR 10,324.79","INR 8,259.49",3.9 out of 5 stars,438,https://m.media-amazon.com/images/I/71OyNdjdXhL._AC_UL320_.jpg,https://www.amazon.com/sspa/click?ie=UTF8&spc=MTo4OTA5MDk5OTcyNDE1MjA2OjE3MjUzODk4OTk6c3BfbXRmOjIwMDEzNTE5NTA2NTA5ODo6MDo6&url=%2FMOZO-Forza-Industrial-Construction-Black%2Fdp%2FB01MTG4M9L%2Fref%3Dsr_1_38_sspa%3Fdib%3DeyJ2IjoiMSJ9.8mRVZL4_10hbusz42tH7enW5TxrcQak8C7jjq9wOsZQilgpDbqf-mCd8KWUNjP6Q6ZyOYYp1fs6Gc74kG9KB1cG0YeEQjVXnEz8ffnQTVVlVWPb1_vj_WXdDYhMfZlOKxfcm7f0MaxJl_Me33EVoGrGBEpy8RspL59RWxL7cwyEVxLBzN6xyUgGCe8BtFprkImR7kbGuDg9DmVMf1mP1bfX1deodqlNhuhZrGFMMN6IsOhLWIl2ivZxJvskEhZZBeHH04OrSBQR1itN1XsyDvqVz6PqBZpwGTnMhgpGAiOY.VHYdt07k5a46R0eCxGXvg_XySFmNciEEFaiw5wx6TwM%26dib_tag%3Dse%26keywords%3Dshoes%26qid%3D1725389899%26sr%3D8-38-spons%26sp_csd%3Dd2lkZ2V0TmFtZT1zcF9tdGY%26psc%3D1
adidas Men's Hoops 3.0 Mid Sneaker,"INR 5,876.85","INR 4,935.71",4.6 out of 5 stars,"2,933",https://m.media-amazon.com/images/I/71uJXKVmxIL._AC_UL320_.jpg,https://www.amazon.com/adidas-Mens-Hoops-Basketball-Black/dp/B098SJ4HG5/ref=sr_1_41?dib=eyJ2IjoiMSJ9.8mRVZL4_10hbusz42tH7enW5TxrcQak8C7jjq9wOsZQilgpDbqf-mCd8KWUNjP6Q6ZyOYYp1fs6Gc74kG9KB1cG0YeEQjVXnEz8ffnQTVVlVWPb1_vj_WXdDYhMfZlOKxfcm7f0MaxJl_Me33EVoGrGBEpy8RspL59RWxL7cwyEVxLBzN6xyUgGCe8BtFprkImR7kbGuDg9DmVMf1mP1bfX1deodqlNhuhZrGFMMN6IsOhLWIl2ivZxJvskEhZZBeHH04OrSBQR1itN1XsyDvqVz6PqBZpwGTnMhgpGAiOY.VHYdt07k5a46R0eCxGXvg_XySFmNciEEFaiw5wx6TwM&dib_tag=se&keywords=shoes&qid=1725389899&sr=8-41
Fila Men's Memory Workshift-m Shoes,"INR 5,457.08","INR 4,065.94",4.3 out of 5 stars,"29,503",https://m.media-amazon.com/images/I/71NYBdBBGIL._AC_UL320_.jpg,https://www.amazon.com/Fila-Memory-Workshift-Cross-Training-Black/dp/B00B8IUIAU/ref=sr_1_45?dib=eyJ2IjoiMSJ9.8mRVZL4_10hbusz42tH7enW5TxrcQak8C7jjq9wOsZQilgpDbqf-mCd8KWUNjP6Q6ZyOYYp1fs6Gc74kG9KB1cG0YeEQjVXnEz8ffnQTVVlVWPb1_vj_WXdDYhMfZlOKxfcm7f0MaxJl_Me33EVoGrGBEpy8RspL59RWxL7cwyEVxLBzN6xyUgGCe8BtFprkImR7kbGuDg9DmVMf1mP1bfX1deodqlNhuhZrGFMMN6IsOhLWIl2ivZxJvskEhZZBeHH04OrSBQR1itN1XsyDvqVz6PqBZpwGTnMhgpGAiOY.VHYdt07k5a46R0eCxGXvg_XySFmNciEEFaiw5wx6TwM&dib_tag=se&keywords=shoes&qid=1725389899&sr=8-45
Puma Mens Tazon 6 Cross Trainer,"INR 5,876.85","INR 3,873.68",4.4 out of 5 stars,"52,875",https://m.media-amazon.com/images/I/61DYj1I-K0L._AC_UL320_.jpg,https://www.amazon.com/PUMA-Tazon-Fracture-Sneaker-Black/dp/B01C3LK2I8/ref=sr_1_46?dib=eyJ2IjoiMSJ9.8mRVZL4_10hbusz42tH7enW5TxrcQak8C7jjq9wOsZQilgpDbqf-mCd8KWUNjP6Q6ZyOYYp1fs6Gc74kG9KB1cG0YeEQjVXnEz8ffnQTVVlVWPb1_vj_WXdDYhMfZlOKxfcm7f0MaxJl_Me33EVoGrGBEpy8RspL59RWxL7cwyEVxLBzN6xyUgGCe8BtFprkImR7kbGuDg9DmVMf1mP1bfX1deodqlNhuhZrGFMMN6IsOhLWIl2ivZxJvskEhZZBeHH04OrSBQR1itN1XsyDvqVz6PqBZpwGTnMhgpGAiOY.VHYdt07k5a46R0eCxGXvg_XySFmNciEEFaiw5wx6TwM&dib_tag=se&keywords=shoes&qid=1725389899&sr=8-46
Feethit Mens Slip On Walking Shoes Lightweight Breathable Non Slip Running Shoes Comfortable Fashion Sneakers for Men,"INR 3,861.09","INR 2,551.39",4.0 out of 5 stars,"10,026",https://m.media-amazon.com/images/I/71-pXA1OSRL._AC_UL320_.jpg,https://www.amazon.com/Feethit-Lightweight-Breathable-Comfortable-Sneakers/dp/B089CSCDTS/ref=sr_1_47?dib=eyJ2IjoiMSJ9.8mRVZL4_10hbusz42tH7enW5TxrcQak8C7jjq9wOsZQilgpDbqf-mCd8KWUNjP6Q6ZyOYYp1fs6Gc74kG9KB1cG0YeEQjVXnEz8ffnQTVVlVWPb1_vj_WXdDYhMfZlOKxfcm7f0MaxJl_Me33EVoGrGBEpy8RspL59RWxL7cwyEVxLBzN6xyUgGCe8BtFprkImR7kbGuDg9DmVMf1mP1bfX1deodqlNhuhZrGFMMN6IsOhLWIl2ivZxJvskEhZZBeHH04OrSBQR1itN1XsyDvqVz6PqBZpwGTnMhgpGAiOY.VHYdt07k5a46R0eCxGXvg_XySFmNciEEFaiw5wx6TwM&dib_tag=se&keywords=shoes&qid=1725389899&sr=8-47
Columbia Men's Crestwood Hiking Shoe,"INR 5,876.85","INR 4,363.14",4.6 out of 5 stars,"7,248",https://m.media-amazon.com/images/I/619tmeoGQdL._AC_UL320_.jpg,https://www.amazon.com/Columbia-Crestwood-Hiking-Brown-Heatwave/dp/B073RMXPK4/ref=sr_1_49?dib=eyJ2IjoiMSJ9.8mRVZL4_10hbusz42tH7enW5TxrcQak8C7jjq9wOsZQilgpDbqf-mCd8KWUNjP6Q6ZyOYYp1fs6Gc74kG9KB1cG0YeEQjVXnEz8ffnQTVVlVWPb1_vj_WXdDYhMfZlOKxfcm7f0MaxJl_Me33EVoGrGBEpy8RspL59RWxL7cwyEVxLBzN6xyUgGCe8BtFprkImR7kbGuDg9DmVMf1mP1bfX1deodqlNhuhZrGFMMN6IsOhLWIl2ivZxJvskEhZZBeHH04OrSBQR1itN1XsyDvqVz6PqBZpwGTnMhgpGAiOY.VHYdt07k5a46R0eCxGXvg_XySFmNciEEFaiw5wx6TwM&dib_tag=se&keywords=shoes&qid=1725389899&sr=8-49
Rocket Dog Women's Cheery Plush Foam Comfort Sneaker,"INR 3,773.78","INR 2,936.75",4.3 out of 5 stars,"2,794",https://m.media-amazon.com/images/I/71u5XMouqoL._AC_UL320_.jpg,https://www.amazon.com/Rocket-Dog-Cheery-White-8-5/dp/B082Y3Y1R4/ref=sr_1_50?dib=eyJ2IjoiMSJ9.8mRVZL4_10hbusz42tH7enW5TxrcQak8C7jjq9wOsZQilgpDbqf-mCd8KWUNjP6Q6ZyOYYp1fs6Gc74kG9KB1cG0YeEQjVXnEz8ffnQTVVlVWPb1_vj_WXdDYhMfZlOKxfcm7f0MaxJl_Me33EVoGrGBEpy8RspL59RWxL7cwyEVxLBzN6xyUgGCe8BtFprkImR7kbGuDg9DmVMf1mP1bfX1deodqlNhuhZrGFMMN6IsOhLWIl2ivZxJvskEhZZBeHH04OrSBQR1itN1XsyDvqVz6PqBZpwGTnMhgpGAiOY.VHYdt07k5a46R0eCxGXvg_XySFmNciEEFaiw5wx6TwM&dib_tag=se&keywords=shoes&qid=1725389899&sr=8-50
Cole Haan Men's GrandPro Rally Canvas Court Sneaker,"INR 5,457.08","INR 3,776.30",4.5 out of 5 stars,"2,642",https://m.media-amazon.com/images/I/313kuWJ8m4S._AC_UL320_.jpg,https://www.amazon.com/Cole-Haan-Grandpro-Canvas-Sneaker/dp/B08KJ4429S/ref=sr_1_52?dib=eyJ2IjoiMSJ9.8mRVZL4_10hbusz42tH7enW5TxrcQak8C7jjq9wOsZQilgpDbqf-mCd8KWUNjP6Q6ZyOYYp1fs6Gc74kG9KB1cG0YeEQjVXnEz8ffnQTVVlVWPb1_vj_WXdDYhMfZlOKxfcm7f0MaxJl_Me33EVoGrGBEpy8RspL59RWxL7cwyEVxLBzN6xyUgGCe8BtFprkImR7kbGuDg9DmVMf1mP1bfX1deodqlNhuhZrGFMMN6IsOhLWIl2ivZxJvskEhZZBeHH04OrSBQR1itN1XsyDvqVz6PqBZpwGTnMhgpGAiOY.VHYdt07k5a46R0eCxGXvg_XySFmNciEEFaiw5wx6TwM&dib_tag=se&keywords=shoes&qid=1725389899&sr=8-52
Men's Chelsea Boots Genuine Leather Dress Boots for Men Wingtip Brogue Formal Business Casual Ankle Boots,"INR 8,898.39","INR 8,394.66",4.6 out of 5 stars,37,https://m.media-amazon.com/images/I/61vGZUKcDOL._AC_UL320_.jpg,https://www.amazon.com/sspa/click?ie=UTF8&spc=MTo4OTA5MDk5OTcyNDE1MjA2OjE3MjUzODk4OTk6c3BfYnRmOjMwMDMzMjgwMDYzNTgwMjo6MDo6&url=%2FJepsengord-Wingtip-Chelsea-Genuine-Leather%2Fdp%2FB0CHTBMYS8%2Fref%3Dsr_1_58_sspa%3Fdib%3DeyJ2IjoiMSJ9.8mRVZL4_10hbusz42tH7enW5TxrcQak8C7jjq9wOsZQilgpDbqf-mCd8KWUNjP6Q6ZyOYYp1fs6Gc74kG9KB1cG0YeEQjVXnEz8ffnQTVVlVWPb1_vj_WXdDYhMfZlOKxfcm7f0MaxJl_Me33EVoGrGBEpy8RspL59RWxL7cwyEVxLBzN6xyUgGCe8BtFprkImR7kbGuDg9DmVMf1mP1bfX1deodqlNhuhZrGFMMN6IsOhLWIl2ivZxJvskEhZZBeHH04OrSBQR1itN1XsyDvqVz6PqBZpwGTnMhgpGAiOY.VHYdt07k5a46R0eCxGXvg_XySFmNciEEFaiw5wx6TwM%26dib_tag%3Dse%26keywords%3Dshoes%26qid%3D1725389899%26sr%3D8-58-spons%26sp_csd%3Dd2lkZ2V0TmFtZT1zcF9idGY%26psc%3D1
