,Product Title,Product MRP,Discounted Price,Product Image URL
0,Men Celu Cargo Trouser,0,0,fl_progressive/assets/images/23855822/2023/7/3/59737f29-3269-404a-9abf-ea2c5c0765ef1688378331174RARERABBITMenBeigeSlimFitCargosTrousers1.jpg
1,Men Loose Fit Cargos Trousers,0,0,fl_progressive/assets/images/29950852/2024/6/12/4737175f-c267-4efe-9df6-8b2b61c736e01718186771537SnitchMenRelaxedLooseFitCargosTrousers1.jpg
2,Men Slim Fit Cargos Trousers,0,0,fl_progressive/assets/images/2024/AUGUST/7/0DljYmGK_8efb35a49a434fb3b5e010c8ef6ddd1e.jpg
3,Men Cotton Cargos Trousers,0,0,fl_progressive/assets/images/25483192/2024/1/23/cfc2218f-026e-48b0-9753-5feb5d0580f01706010734823HIGHLANDERMenCottonCargosTrousers1.jpg
4,Men Tapered Fit Cargos,0,0,fl_progressive/assets/images/25576446/2023/10/21/5a87f652-f28c-44d8-8b2b-71642dddd3691697866061123SnitchMenBrownSmartTaperedFitCargosTrousers1.jpg
5,Cargo Carpenter  Trousers,0,0,fl_progressive/assets/images/28990884/2024/4/17/cc4eb35e-2cbf-420e-a51f-e3de472a6bed1713345744491BewakoofMenLooseFitCargosTrousers1.jpg
6,Men Loose Fit Cargos Trousers,0,0,fl_progressive/assets/images/2024/AUGUST/7/9qGUPkud_e7a7d570bdae48f3974df6b43394db63.jpg
7,Men Baggy Fit Mid-Rise Cargos,0,0,fl_progressive/assets/images/28506134/2024/3/26/b4546da8-017e-4d54-875c-4c476edb564a1711436165268ManiacMensSolidSidePocketsDarkGreyNylonfabricBaggyfitCargoPa1.jpg
8,Men Slim Fit Cargos Trousers,0,0,fl_progressive/assets/images/2024/AUGUST/7/ww1WVv9J_7c688f5fb354455fb9578186b8b29ccb.jpg
9,Straight-Fit Cargo Trousers,0,0,fl_progressive/assets/images/28749408/2024/4/6/41321f0f-0640-4365-aa53-27b05537bec01712382318436MenPureCottonSolidStraightFitCargoTrousers1.jpg
10,Men Celu Cargo Trouser,0,0,fl_progressive/assets/images/23855826/2023/12/13/219ed0d4-d58a-4ef6-b8e1-5fed5ba6fd071702443064714RARERABBITMenSlimFitCottonCargoTrousers2.jpg
11,Men Mid-Rise Cargos Trousers,0,0,No image found
12,Men Stretchable Cargo Trousers,0,0,No image found
13,Men Cotton Cargos Trousers,0,0,No image found
14,Men Mid-Rise Cargo Trousers,0,0,No image found
15,Men Cotton Cargos Trousers,0,0,No image found
16,Men Dima Cargo Trouser,0,0,No image found
17,Pure Cotton Cargo Trousers,0,0,No image found
18,Men Slim Fit Cargo Joggers,0,0,No image found
19,Men Apex Cargo Trouser,0,0,No image found
20,Men Slim Fit Cargos Trousers,0,0,No image found
21,Slim Fit Cargos,0,0,No image found
22,CURON Men Cargos Trousers,0,0,No image found
23,Men Cotton Cargos Trousers,0,0,No image found
24,Men Cargos Trousers,0,0,No image found
25,Slim Fit Cotton Cargo,0,0,No image found
26,Men Pure Cotton Cargos,0,0,No image found
27,Men Tapered Fit Cargos Trousers,0,0,No image found
28,Men Loose Fit Cargo Trousers,0,0,No image found
29,Men Slim Fit Cargos Trousers,0,0,No image found
30,Men Slim Fit Cargos Trousers,0,0,No image found
31,Men Trews-22 Regular Trouser,0,0,No image found
32,Men Slim Fit Cargo Joggers,0,0,No image found
33,Men Cotton Joggers Trousers,0,0,No image found
34,Men Low-Rise Cargos Trousers,0,0,No image found
35,Men Regular Fit Cargos,0,0,No image found
36,Men Mid-Rise Cargo Trousers,0,0,No image found
37,Men Cotton Cargos Trousers,No MRP,No discounted price,No image found
38,Pure Cotton Cargos,0,0,No image found
39,Men Mid-Rise Cargos,0,0,No image found
40,Men Slim Fit Cargos Trousers,0,0,No image found
41,Men Cargos Trousers,0,0,No image found
42,Men Relaxed-Fit Cargo,0,0,No image found
43,Men Solid Cargos Trousers,0,0,No image found
44,Men Cargos Trousers,0,0,No image found
45,Men Pure Cotton Cargos,0,0,No image found
46,Mid Rise Cotton Cargos,0,0,No image found
47,Men Relaxed Mid-Rise Cargos,0,0,No image found
