,Product Title,Product MRP,Discounted Price,Product Rating,Rating Count,Product Image URL,Product URL
0,No title found,No MRP found,No discounted price found,No rating found,No rating count found,https://m.media-amazon.com/images/G/01/Amazon_Music_Merch/2024_Campaigns/Sparkles/030824_USEN_ArtistMerch_Sparkle_D_LukeBryan_2000x200.jpg,No URL found
1,No title found,No MRP found,No discounted price found,No rating found,No rating count found,No image found,No URL found
2,"Amazon Essentials Women's Classic-Fit Short-Sleeve Scoop Neck T-Shirt (Available in Plus Size), Pack of 2",No MRP found,$21.80,4.4 out of 5 stars,"5,901",https://m.media-amazon.com/images/I/810ohhuDMqL._AC_UL320_.jpg,https://www.amazon.com/sspa/click?ie=UTF8&spc=MTo5NjgwMDQ1NDU1MjI4NzY6MTcyNTIxNDE1MzpzcF9hdGY6MjAwMDI3MTY1MTI3NzIxOjowOjo&url=%2FAmazon-Essentials-Classic-Fit-Short-Sleeve-Scoopneck%2Fdp%2FB07YLDMZ9Q%2Fref%3Dsr_1_1_ffob_sspa%3Fdib%3DeyJ2IjoiMSJ9.mvcqarphNb1SG7vyqdxLCxRbNCcfekdq3dwDQ3AHGqGT5gbZOODCFLucjYsnJZDzeycBR7xHLeQ938K1yIz4pddS1BYnsKwUsdjfXHypA4cRf14spB7CRKwqYhnX7xKwOFp7BfIujmkRvuvjakaLX4JEZkDuJsjbILkGQcgKouCfykPqtKQguBSxt6yuBVUoz4KHr9iLUcvMu6V478zowSGaO1sMeHSZjSxD_gTWX_oTG1RbD4rN8Pga2Nk3NXphVBIjRFofWBBuTLv_BZ1KE6n-p8FxkyxnR3gwMrAFSRs.8hHZC95AGj2jWYohbwovtTv1ZYpniNz0mXIXR24HJN4%26dib_tag%3Dse%26keywords%3DT-shirt%26qid%3D1725214153%26sr%3D8-1-spons%26sp_csd%3Dd2lkZ2V0TmFtZT1zcF9hdGY%26psc%3D1
3,BINTEHGS Oversized Grunge Vintage t Shirts for Women Short Sleeve Cotton Casual Baggy Tees Teens Trendy Crew Neck Loose Tops,$27.99,$19.79,4.3 out of 5 stars,607,https://m.media-amazon.com/images/I/710qfP6fPyL._AC_UL320_.jpg,https://www.amazon.com/sspa/click?ie=UTF8&spc=MTo5NjgwMDQ1NDU1MjI4NzY6MTcyNTIxNDE1MzpzcF9hdGY6MzAwMDM2OTEyOTU4MTAyOjowOjo&url=%2FBINTEHGS-Oversized-Grunge-Vintage-Tops%25EF%25BC%2588Coffee%2Fdp%2FB0BS6F7SHY%2Fref%3Dsr_1_2_sspa%3Fdib%3DeyJ2IjoiMSJ9.mvcqarphNb1SG7vyqdxLCxRbNCcfekdq3dwDQ3AHGqGT5gbZOODCFLucjYsnJZDzeycBR7xHLeQ938K1yIz4pddS1BYnsKwUsdjfXHypA4cRf14spB7CRKwqYhnX7xKwOFp7BfIujmkRvuvjakaLX4JEZkDuJsjbILkGQcgKouCfykPqtKQguBSxt6yuBVUoz4KHr9iLUcvMu6V478zowSGaO1sMeHSZjSxD_gTWX_oTG1RbD4rN8Pga2Nk3NXphVBIjRFofWBBuTLv_BZ1KE6n-p8FxkyxnR3gwMrAFSRs.8hHZC95AGj2jWYohbwovtTv1ZYpniNz0mXIXR24HJN4%26dib_tag%3Dse%26keywords%3DT-shirt%26qid%3D1725214153%26sr%3D8-2-spons%26sp_csd%3Dd2lkZ2V0TmFtZT1zcF9hdGY%26psc%3D1
4,Abardsion Women's Casual Basic Going Out Crop Tops Slim Fit Short Sleeve Crew Neck Tight T Shirts,$23.99,$14.99,4.3 out of 5 stars,"3,915",https://m.media-amazon.com/images/I/51mzmsI+zlL._AC_UL320_.jpg,https://www.amazon.com/sspa/click?ie=UTF8&spc=MTo5NjgwMDQ1NDU1MjI4NzY6MTcyNTIxNDE1MzpzcF9hdGY6MzAwMTgxMTc3MDMwNTAyOjowOjo&url=%2FWomens-Casual-Basic-Sleeve-Shirts%2Fdp%2FB0BWRHPVBM%2Fref%3Dsr_1_3_sspa%3Fdib%3DeyJ2IjoiMSJ9.mvcqarphNb1SG7vyqdxLCxRbNCcfekdq3dwDQ3AHGqGT5gbZOODCFLucjYsnJZDzeycBR7xHLeQ938K1yIz4pddS1BYnsKwUsdjfXHypA4cRf14spB7CRKwqYhnX7xKwOFp7BfIujmkRvuvjakaLX4JEZkDuJsjbILkGQcgKouCfykPqtKQguBSxt6yuBVUoz4KHr9iLUcvMu6V478zowSGaO1sMeHSZjSxD_gTWX_oTG1RbD4rN8Pga2Nk3NXphVBIjRFofWBBuTLv_BZ1KE6n-p8FxkyxnR3gwMrAFSRs.8hHZC95AGj2jWYohbwovtTv1ZYpniNz0mXIXR24HJN4%26dib_tag%3Dse%26keywords%3DT-shirt%26qid%3D1725214153%26sr%3D8-3-spons%26sp_csd%3Dd2lkZ2V0TmFtZT1zcF9hdGY%26psc%3D1
5,Sherosa Womens T Shirts Short Sleeve Crew Neck Shirts Basic Tee Tops Blouse,$33.99,$19.99,4.3 out of 5 stars,"1,375",https://m.media-amazon.com/images/I/71-pY06IvQL._AC_UL320_.jpg,https://www.amazon.com/sspa/click?ie=UTF8&spc=MTo5NjgwMDQ1NDU1MjI4NzY6MTcyNTIxNDE1MzpzcF9hdGY6MzAwMTIzOTU4Nzk2OTAyOjowOjo&url=%2FSherosa-Womens-T-Shirts-Sleeve-Crewneck%2Fdp%2FB09PQQHJY7%2Fref%3Dsr_1_4_sspa%3Fdib%3DeyJ2IjoiMSJ9.mvcqarphNb1SG7vyqdxLCxRbNCcfekdq3dwDQ3AHGqGT5gbZOODCFLucjYsnJZDzeycBR7xHLeQ938K1yIz4pddS1BYnsKwUsdjfXHypA4cRf14spB7CRKwqYhnX7xKwOFp7BfIujmkRvuvjakaLX4JEZkDuJsjbILkGQcgKouCfykPqtKQguBSxt6yuBVUoz4KHr9iLUcvMu6V478zowSGaO1sMeHSZjSxD_gTWX_oTG1RbD4rN8Pga2Nk3NXphVBIjRFofWBBuTLv_BZ1KE6n-p8FxkyxnR3gwMrAFSRs.8hHZC95AGj2jWYohbwovtTv1ZYpniNz0mXIXR24HJN4%26dib_tag%3Dse%26keywords%3DT-shirt%26qid%3D1725214153%26sr%3D8-4-spons%26sp_csd%3Dd2lkZ2V0TmFtZT1zcF9hdGY%26psc%3D1
6,"Gildan Men's Crew T-Shirts, Multipack, Style G1100",No MRP found,$21.97,4.6 out of 5 stars,"295,668",https://m.media-amazon.com/images/I/51wDsZxtTLL._AC_UL320_.jpg,https://www.amazon.com/Gildan-T-Shirt-Multipack-Black-Large/dp/B07JDFPQTC/ref=sr_1_5?dib=eyJ2IjoiMSJ9.mvcqarphNb1SG7vyqdxLCxRbNCcfekdq3dwDQ3AHGqGT5gbZOODCFLucjYsnJZDzeycBR7xHLeQ938K1yIz4pddS1BYnsKwUsdjfXHypA4cRf14spB7CRKwqYhnX7xKwOFp7BfIujmkRvuvjakaLX4JEZkDuJsjbILkGQcgKouCfykPqtKQguBSxt6yuBVUoz4KHr9iLUcvMu6V478zowSGaO1sMeHSZjSxD_gTWX_oTG1RbD4rN8Pga2Nk3NXphVBIjRFofWBBuTLv_BZ1KE6n-p8FxkyxnR3gwMrAFSRs.8hHZC95AGj2jWYohbwovtTv1ZYpniNz0mXIXR24HJN4&dib_tag=se&keywords=T-shirt&qid=1725214153&sr=8-5
7,"Hanes Men's T-Shirt, Beefy-T Heavyweight Cotton Crewneck Tee, 1 or 2 Pack, Available in Tall Sizes",No MRP found,No discounted price found,4.5 out of 5 stars,"64,790",https://m.media-amazon.com/images/I/71zRMNf2uvL._AC_UL320_.jpg,https://www.amazon.com/Hanes-Short-Sleeve-Beefy-T-Shirt-Black/dp/B00NOY3JOS/ref=sr_1_6?dib=eyJ2IjoiMSJ9.mvcqarphNb1SG7vyqdxLCxRbNCcfekdq3dwDQ3AHGqGT5gbZOODCFLucjYsnJZDzeycBR7xHLeQ938K1yIz4pddS1BYnsKwUsdjfXHypA4cRf14spB7CRKwqYhnX7xKwOFp7BfIujmkRvuvjakaLX4JEZkDuJsjbILkGQcgKouCfykPqtKQguBSxt6yuBVUoz4KHr9iLUcvMu6V478zowSGaO1sMeHSZjSxD_gTWX_oTG1RbD4rN8Pga2Nk3NXphVBIjRFofWBBuTLv_BZ1KE6n-p8FxkyxnR3gwMrAFSRs.8hHZC95AGj2jWYohbwovtTv1ZYpniNz0mXIXR24HJN4&dib_tag=se&keywords=T-shirt&qid=1725214153&sr=8-6
8,"Hanes Men's Pocket Undershirt Pack, Cotton Crew Neck T-Shirt, Moisture Wicking Tee, Assorted 6-Pack",No MRP found,$21.98,4.4 out of 5 stars,"26,273",https://m.media-amazon.com/images/I/61NxWlAdrpL._AC_UL320_.jpg,https://www.amazon.com/Hanes-Comfortsoft-Tagless-Underwear-Assorted/dp/B086KXNGKY/ref=sr_1_7?dib=eyJ2IjoiMSJ9.mvcqarphNb1SG7vyqdxLCxRbNCcfekdq3dwDQ3AHGqGT5gbZOODCFLucjYsnJZDzeycBR7xHLeQ938K1yIz4pddS1BYnsKwUsdjfXHypA4cRf14spB7CRKwqYhnX7xKwOFp7BfIujmkRvuvjakaLX4JEZkDuJsjbILkGQcgKouCfykPqtKQguBSxt6yuBVUoz4KHr9iLUcvMu6V478zowSGaO1sMeHSZjSxD_gTWX_oTG1RbD4rN8Pga2Nk3NXphVBIjRFofWBBuTLv_BZ1KE6n-p8FxkyxnR3gwMrAFSRs.8hHZC95AGj2jWYohbwovtTv1ZYpniNz0mXIXR24HJN4&dib_tag=se&keywords=T-shirt&qid=1725214153&sr=8-7
9,INTO THE AM Mens T Shirt with Logo - Short Sleeve Crew Neck Soft Fitted Tees S - 4XL Fresh Classic Basic Tshirts,No MRP found,$24.95,4.5 out of 5 stars,"24,827",https://m.media-amazon.com/images/I/71gbFNdPsML._AC_UL640_QL65_.jpg,https://www.amazon.comhttps://aax-us-iad.amazon.com/x/c/JDY8Nme8m2m0T_xdoVMbVoYAAAGRrsbcLAEAAAH2AQBvbm9fdHhuX2JpZDMgICBvbm9fdHhuX2ltcDEgICDIh67F/https://www.amazon.com/INTO-AM-Short-Sleeve-T-Shirt/dp/B083JPBQ2L/ref=sxin_16_sbv_search_btf?content-id=amzn1.sym.5cde1a09-4942-4242-87c5-e66d2d3b6a3c%3Aamzn1.sym.5cde1a09-4942-4242-87c5-e66d2d3b6a3c&cv_ct_cx=T-shirt&dib=eyJ2IjoiMSJ9.J5MTUssT1XNHQFVlOvwi-Q.Dw-4h3J-_SwRmauiRpviQuaY2Y8QkPvU7RTKdoGIPFQ&dib_tag=se&keywords=T-shirt&pd_rd_i=B083JPBQ2L&pd_rd_r=c6c9305e-3f30-4801-b3a3-f7291eecaa8c&pd_rd_w=pyR6g&pd_rd_wg=SvBXD&pf_rd_p=5cde1a09-4942-4242-87c5-e66d2d3b6a3c&pf_rd_r=HVYK6Q7SAK1M4K2Y3S5K&qid=1725214153&sbo=RZvfv%2F%2FHxDF%2BO5021pAnSA%3D%3D&sr=1-1-5190daf0-67e3-427c-bea6-c72c1df98776
10,No title found,No MRP found,No discounted price found,No rating found,No rating count found,No image found,No URL found
11,Fruit of the Loom Men's Eversoft Cotton Stay Tucked Crew T-Shirt,No MRP found,$21.48,4.6 out of 5 stars,"126,985",https://m.media-amazon.com/images/I/71GX5QGOKsL._AC_UL320_.jpg,https://www.amazon.com/Fruit-Loom-Tucked-T-Shirt-Classic/dp/B08F2P8CS9/ref=sr_1_8?dib=eyJ2IjoiMSJ9.mvcqarphNb1SG7vyqdxLCxRbNCcfekdq3dwDQ3AHGqGT5gbZOODCFLucjYsnJZDzeycBR7xHLeQ938K1yIz4pddS1BYnsKwUsdjfXHypA4cRf14spB7CRKwqYhnX7xKwOFp7BfIujmkRvuvjakaLX4JEZkDuJsjbILkGQcgKouCfykPqtKQguBSxt6yuBVUoz4KHr9iLUcvMu6V478zowSGaO1sMeHSZjSxD_gTWX_oTG1RbD4rN8Pga2Nk3NXphVBIjRFofWBBuTLv_BZ1KE6n-p8FxkyxnR3gwMrAFSRs.8hHZC95AGj2jWYohbwovtTv1ZYpniNz0mXIXR24HJN4&dib_tag=se&keywords=T-shirt&qid=1725214153&sr=8-8
12,"Gildan Unisex-Adult Ultra Cotton T-Shirt, Style G2000, Multipack",$13.25,$11.20,4.5 out of 5 stars,"97,968",https://m.media-amazon.com/images/I/61x-LF9fyYL._AC_UL320_.jpg,https://www.amazon.com/Gildan-Cotton-T-Shirt-2-Pack-Medium/dp/B07611ZQF1/ref=sr_1_9?dib=eyJ2IjoiMSJ9.mvcqarphNb1SG7vyqdxLCxRbNCcfekdq3dwDQ3AHGqGT5gbZOODCFLucjYsnJZDzeycBR7xHLeQ938K1yIz4pddS1BYnsKwUsdjfXHypA4cRf14spB7CRKwqYhnX7xKwOFp7BfIujmkRvuvjakaLX4JEZkDuJsjbILkGQcgKouCfykPqtKQguBSxt6yuBVUoz4KHr9iLUcvMu6V478zowSGaO1sMeHSZjSxD_gTWX_oTG1RbD4rN8Pga2Nk3NXphVBIjRFofWBBuTLv_BZ1KE6n-p8FxkyxnR3gwMrAFSRs.8hHZC95AGj2jWYohbwovtTv1ZYpniNz0mXIXR24HJN4&dib_tag=se&keywords=T-shirt&qid=1725214153&sr=8-9
13,"Russell Athletic Men's Dri-Power Cotton Blend Short Sleeve Tees, Moisture Wicking, Odor Protection, UPF 30+, Sizes S-4x",$10.99,$8.44,4.5 out of 5 stars,"34,418",https://m.media-amazon.com/images/I/71F4P1t80EL._AC_UL320_.jpg,https://www.amazon.com/Russell-Athletic-Essential-Short-Sleeve/dp/B0711CH2PT/ref=sr_1_10?dib=eyJ2IjoiMSJ9.mvcqarphNb1SG7vyqdxLCxRbNCcfekdq3dwDQ3AHGqGT5gbZOODCFLucjYsnJZDzeycBR7xHLeQ938K1yIz4pddS1BYnsKwUsdjfXHypA4cRf14spB7CRKwqYhnX7xKwOFp7BfIujmkRvuvjakaLX4JEZkDuJsjbILkGQcgKouCfykPqtKQguBSxt6yuBVUoz4KHr9iLUcvMu6V478zowSGaO1sMeHSZjSxD_gTWX_oTG1RbD4rN8Pga2Nk3NXphVBIjRFofWBBuTLv_BZ1KE6n-p8FxkyxnR3gwMrAFSRs.8hHZC95AGj2jWYohbwovtTv1ZYpniNz0mXIXR24HJN4&dib_tag=se&keywords=T-shirt&qid=1725214153&sr=8-10
14,Amazon Essentials Men's Slim-Fit Long-Sleeve T-Shirt,No MRP found,$14.20,4.3 out of 5 stars,"6,894",https://m.media-amazon.com/images/I/91gfljfSiNL._AC_UL320_.jpg,https://www.amazon.com/sspa/click?ie=UTF8&spc=MTo5NjgwMDQ1NDU1MjI4NzY6MTcyNTIxNDE1MzpzcF9tdGY6MjAwMDExOTIxMjkwNjMxOjowOjo&url=%2FAmazon-Essentials-Slim-Fit-Long-Sleeve-T-Shirt%2Fdp%2FB07BJL6XT9%2Fref%3Dsr_1_11_ffob_sspa%3Fdib%3DeyJ2IjoiMSJ9.mvcqarphNb1SG7vyqdxLCxRbNCcfekdq3dwDQ3AHGqGT5gbZOODCFLucjYsnJZDzeycBR7xHLeQ938K1yIz4pddS1BYnsKwUsdjfXHypA4cRf14spB7CRKwqYhnX7xKwOFp7BfIujmkRvuvjakaLX4JEZkDuJsjbILkGQcgKouCfykPqtKQguBSxt6yuBVUoz4KHr9iLUcvMu6V478zowSGaO1sMeHSZjSxD_gTWX_oTG1RbD4rN8Pga2Nk3NXphVBIjRFofWBBuTLv_BZ1KE6n-p8FxkyxnR3gwMrAFSRs.8hHZC95AGj2jWYohbwovtTv1ZYpniNz0mXIXR24HJN4%26dib_tag%3Dse%26keywords%3DT-shirt%26qid%3D1725214153%26sr%3D8-11-spons%26sp_csd%3Dd2lkZ2V0TmFtZT1zcF9tdGY%26psc%3D1
15,"Champion Men'S Muscle T-Shirt, Sleeveless, Muscle Tank, Classic Muscle Tee Top For Men (Reg. Or Big & Tall)",$20.00,$12.00,4.5 out of 5 stars,"21,948",https://m.media-amazon.com/images/I/71vXb8bYUwL._AC_UL320_.jpg,https://www.amazon.com/sspa/click?ie=UTF8&spc=MTo5NjgwMDQ1NDU1MjI4NzY6MTcyNTIxNDE1MzpzcF9tdGY6MzAwMjMzMTgyMjQyMzAyOjowOjo&url=%2FChampion-Classic-Jersey-Muscle-T-Shirt%2Fdp%2FB01N2QLXWQ%2Fref%3Dsr_1_12_sspa%3Fdib%3DeyJ2IjoiMSJ9.mvcqarphNb1SG7vyqdxLCxRbNCcfekdq3dwDQ3AHGqGT5gbZOODCFLucjYsnJZDzeycBR7xHLeQ938K1yIz4pddS1BYnsKwUsdjfXHypA4cRf14spB7CRKwqYhnX7xKwOFp7BfIujmkRvuvjakaLX4JEZkDuJsjbILkGQcgKouCfykPqtKQguBSxt6yuBVUoz4KHr9iLUcvMu6V478zowSGaO1sMeHSZjSxD_gTWX_oTG1RbD4rN8Pga2Nk3NXphVBIjRFofWBBuTLv_BZ1KE6n-p8FxkyxnR3gwMrAFSRs.8hHZC95AGj2jWYohbwovtTv1ZYpniNz0mXIXR24HJN4%26dib_tag%3Dse%26keywords%3DT-shirt%26qid%3D1725214153%26sr%3D8-12-spons%26sp_csd%3Dd2lkZ2V0TmFtZT1zcF9tdGY%26psc%3D1
16,Langwyqu Womens Oversized Tshirts Casual Summer Tops Short Sleeve Loose Fit Tunic T Shirts,$23.99,$14.99,4.3 out of 5 stars,892,https://m.media-amazon.com/images/I/61TOYNRuhqL._AC_UL320_.jpg,https://www.amazon.com/sspa/click?ie=UTF8&spc=MTo5NjgwMDQ1NDU1MjI4NzY6MTcyNTIxNDE1MzpzcF9tdGY6MjAwMTMwNzkzMTk4NTk4OjowOjo&url=%2FLangwyqu-Womens-Sleeve-Oversized-T-Shirt%2Fdp%2FB0BTYHTM1J%2Fref%3Dsr_1_13_sspa%3Fdib%3DeyJ2IjoiMSJ9.mvcqarphNb1SG7vyqdxLCxRbNCcfekdq3dwDQ3AHGqGT5gbZOODCFLucjYsnJZDzeycBR7xHLeQ938K1yIz4pddS1BYnsKwUsdjfXHypA4cRf14spB7CRKwqYhnX7xKwOFp7BfIujmkRvuvjakaLX4JEZkDuJsjbILkGQcgKouCfykPqtKQguBSxt6yuBVUoz4KHr9iLUcvMu6V478zowSGaO1sMeHSZjSxD_gTWX_oTG1RbD4rN8Pga2Nk3NXphVBIjRFofWBBuTLv_BZ1KE6n-p8FxkyxnR3gwMrAFSRs.8hHZC95AGj2jWYohbwovtTv1ZYpniNz0mXIXR24HJN4%26dib_tag%3Dse%26keywords%3DT-shirt%26qid%3D1725214153%26sr%3D8-13-spons%26sp_csd%3Dd2lkZ2V0TmFtZT1zcF9tdGY%26psc%3D1
17,"Champion Men'S Tshirt, Sport Tee, Moisture Wicking, Anti Odor, Athletic T-Shirt For Men Reg. Or Big & Tall",$25.00,$15.00,4.5 out of 5 stars,"1,150",https://m.media-amazon.com/images/I/51UYDsogA0L._AC_UL320_.jpg,https://www.amazon.com/sspa/click?ie=UTF8&spc=MTo5NjgwMDQ1NDU1MjI4NzY6MTcyNTIxNDE1MzpzcF9tdGY6MzAwMjMzMTgyMjQxNTAyOjowOjo&url=%2FChampion-Sport-Moisture-Wicking-T-Shirt%2Fdp%2FB01I8JKOGE%2Fref%3Dsr_1_14_sspa%3Fdib%3DeyJ2IjoiMSJ9.mvcqarphNb1SG7vyqdxLCxRbNCcfekdq3dwDQ3AHGqGT5gbZOODCFLucjYsnJZDzeycBR7xHLeQ938K1yIz4pddS1BYnsKwUsdjfXHypA4cRf14spB7CRKwqYhnX7xKwOFp7BfIujmkRvuvjakaLX4JEZkDuJsjbILkGQcgKouCfykPqtKQguBSxt6yuBVUoz4KHr9iLUcvMu6V478zowSGaO1sMeHSZjSxD_gTWX_oTG1RbD4rN8Pga2Nk3NXphVBIjRFofWBBuTLv_BZ1KE6n-p8FxkyxnR3gwMrAFSRs.8hHZC95AGj2jWYohbwovtTv1ZYpniNz0mXIXR24HJN4%26dib_tag%3Dse%26keywords%3DT-shirt%26qid%3D1725214153%26sr%3D8-14-spons%26sp_csd%3Dd2lkZ2V0TmFtZT1zcF9tdGY%26psc%3D1
18,"Hanes Mens Essentials T-Shirt Pack, Crewneck Cotton T-Shirts For Men, 4 Or 6 Pack Available",$26.00,$19.55,4.4 out of 5 stars,"121,814",https://m.media-amazon.com/images/I/612OCczgZHL._AC_UL320_.jpg,https://www.amazon.com/Hanes-Comfortsoft-T-Shirt-Black-XX-Large/dp/B00KBZOTPQ/ref=sr_1_15?dib=eyJ2IjoiMSJ9.mvcqarphNb1SG7vyqdxLCxRbNCcfekdq3dwDQ3AHGqGT5gbZOODCFLucjYsnJZDzeycBR7xHLeQ938K1yIz4pddS1BYnsKwUsdjfXHypA4cRf14spB7CRKwqYhnX7xKwOFp7BfIujmkRvuvjakaLX4JEZkDuJsjbILkGQcgKouCfykPqtKQguBSxt6yuBVUoz4KHr9iLUcvMu6V478zowSGaO1sMeHSZjSxD_gTWX_oTG1RbD4rN8Pga2Nk3NXphVBIjRFofWBBuTLv_BZ1KE6n-p8FxkyxnR3gwMrAFSRs.8hHZC95AGj2jWYohbwovtTv1ZYpniNz0mXIXR24HJN4&dib_tag=se&keywords=T-shirt&qid=1725214153&sr=8-15
19,"Comfort Colors Adult Short Sleeve Tee, Style 1717, Multipack",$14.99,$10.73,4.6 out of 5 stars,"24,401",https://m.media-amazon.com/images/I/71NIMYE7NVL._AC_UL320_.jpg,https://www.amazon.com/Comfort-Colors-Sleeve-1717-X-Large/dp/B07M8NXFWM/ref=sr_1_16?dib=eyJ2IjoiMSJ9.mvcqarphNb1SG7vyqdxLCxRbNCcfekdq3dwDQ3AHGqGT5gbZOODCFLucjYsnJZDzeycBR7xHLeQ938K1yIz4pddS1BYnsKwUsdjfXHypA4cRf14spB7CRKwqYhnX7xKwOFp7BfIujmkRvuvjakaLX4JEZkDuJsjbILkGQcgKouCfykPqtKQguBSxt6yuBVUoz4KHr9iLUcvMu6V478zowSGaO1sMeHSZjSxD_gTWX_oTG1RbD4rN8Pga2Nk3NXphVBIjRFofWBBuTLv_BZ1KE6n-p8FxkyxnR3gwMrAFSRs.8hHZC95AGj2jWYohbwovtTv1ZYpniNz0mXIXR24HJN4&dib_tag=se&keywords=T-shirt&qid=1725214153&sr=8-16
20,"Champion Men'S Classic T-Shirt, Everyday Tee For Men, Comfortable Soft Men'S T-Shirt (Reg. Or Big & Tall)",$20.00,$11.99,4.5 out of 5 stars,"34,127",https://m.media-amazon.com/images/I/51dPz+dQTZL._AC_UL320_.jpg,https://www.amazon.com/sspa/click?ie=UTF8&spc=MTo4OTkwNTc4NjYxMzUxOTU5OjE3MjUyMTQxNTM6c3Bfc2VhcmNoX3RoZW1hdGljOjMwMDIzMzEyNzI1MDAwMjo6MDo6&url=%2FChampion-Classic-Jersey-T-Shirt-White%2Fdp%2FB01N2QM0IS%2Fref%3Dsxin_25_pa_sp_search_thematic_sspa%3Fcontent-id%3Damzn1.sym.96158ba9-1eda-4850-881a-baa74e8ee05d%253Aamzn1.sym.96158ba9-1eda-4850-881a-baa74e8ee05d%26cv_ct_cx%3DT-shirt%26dib%3DeyJ2IjoiMSJ9.Fzql_ZsuPws9_JoArPskJmOOyefgsTMm6LcJmHul0-TmsNEoDMc8iIflHfoZMboA.QcW9nS3qFpZ0dIkKEJVgJbn_zqlZ9VxISaFyDNpLMOc%26dib_tag%3Dse%26keywords%3DT-shirt%26pd_rd_i%3DB01N2QM0IS%26pd_rd_r%3Dc6c9305e-3f30-4801-b3a3-f7291eecaa8c%26pd_rd_w%3D2dJJI%26pd_rd_wg%3DSvBXD%26pf_rd_p%3D96158ba9-1eda-4850-881a-baa74e8ee05d%26pf_rd_r%3DHVYK6Q7SAK1M4K2Y3S5K%26qid%3D1725214153%26sbo%3DRZvfv%252F%252FHxDF%252BO5021pAnSA%253D%253D%26sr%3D1-1-7efdef4d-9875-47e1-927f-8c2c1c47ed49-spons%26sp_csd%3Dd2lkZ2V0TmFtZT1zcF9zZWFyY2hfdGhlbWF0aWM%26psc%3D1
21,"Champion Men'S Classic T-Shirt, Everyday Tee For Men, Comfortable Soft Men'S T-Shirt (Reg. Or Big & Tall)",$20.00,$11.99,4.5 out of 5 stars,"34,127",https://m.media-amazon.com/images/I/51dPz+dQTZL._AC_UL320_.jpg,https://www.amazon.com/sspa/click?ie=UTF8&spc=MTo4OTkwNTc4NjYxMzUxOTU5OjE3MjUyMTQxNTM6c3Bfc2VhcmNoX3RoZW1hdGljOjMwMDIzMzEyNzI1MDAwMjo6MDo6&url=%2FChampion-Classic-Jersey-T-Shirt-White%2Fdp%2FB01N2QM0IS%2Fref%3Dsxin_25_pa_sp_search_thematic_sspa%3Fcontent-id%3Damzn1.sym.96158ba9-1eda-4850-881a-baa74e8ee05d%253Aamzn1.sym.96158ba9-1eda-4850-881a-baa74e8ee05d%26cv_ct_cx%3DT-shirt%26dib%3DeyJ2IjoiMSJ9.Fzql_ZsuPws9_JoArPskJmOOyefgsTMm6LcJmHul0-TmsNEoDMc8iIflHfoZMboA.QcW9nS3qFpZ0dIkKEJVgJbn_zqlZ9VxISaFyDNpLMOc%26dib_tag%3Dse%26keywords%3DT-shirt%26pd_rd_i%3DB01N2QM0IS%26pd_rd_r%3Dc6c9305e-3f30-4801-b3a3-f7291eecaa8c%26pd_rd_w%3D2dJJI%26pd_rd_wg%3DSvBXD%26pf_rd_p%3D96158ba9-1eda-4850-881a-baa74e8ee05d%26pf_rd_r%3DHVYK6Q7SAK1M4K2Y3S5K%26qid%3D1725214153%26sbo%3DRZvfv%252F%252FHxDF%252BO5021pAnSA%253D%253D%26sr%3D1-1-7efdef4d-9875-47e1-927f-8c2c1c47ed49-spons%26sp_csd%3Dd2lkZ2V0TmFtZT1zcF9zZWFyY2hfdGhlbWF0aWM%26psc%3D1
22,Kingsted T-Shirts for Men Pack - Royally Comfortable - Super Soft Premium Fabric - Well-Crafted Classic Tee,No MRP found,$45.98,4.3 out of 5 stars,"9,861",https://m.media-amazon.com/images/I/617IjJArgKL._AC_UL320_.jpg,https://www.amazon.com/sspa/click?ie=UTF8&spc=MTo4OTkwNTc4NjYxMzUxOTU5OjE3MjUyMTQxNTM6c3Bfc2VhcmNoX3RoZW1hdGljOjIwMDAzMDg2NjM0NzY0MTo6MTo6&url=%2FKingsted-Mens-T-Shirts-Pack-Comfortable%2Fdp%2FB07NHW8Z3N%2Fref%3Dsxin_25_pa_sp_search_thematic_sspa%3Fcontent-id%3Damzn1.sym.96158ba9-1eda-4850-881a-baa74e8ee05d%253Aamzn1.sym.96158ba9-1eda-4850-881a-baa74e8ee05d%26cv_ct_cx%3DT-shirt%26dib%3DeyJ2IjoiMSJ9.Fzql_ZsuPws9_JoArPskJmOOyefgsTMm6LcJmHul0-TmsNEoDMc8iIflHfoZMboA.QcW9nS3qFpZ0dIkKEJVgJbn_zqlZ9VxISaFyDNpLMOc%26dib_tag%3Dse%26keywords%3DT-shirt%26pd_rd_i%3DB07NHW8Z3N%26pd_rd_r%3Dc6c9305e-3f30-4801-b3a3-f7291eecaa8c%26pd_rd_w%3D2dJJI%26pd_rd_wg%3DSvBXD%26pf_rd_p%3D96158ba9-1eda-4850-881a-baa74e8ee05d%26pf_rd_r%3DHVYK6Q7SAK1M4K2Y3S5K%26qid%3D1725214153%26sbo%3DRZvfv%252F%252FHxDF%252BO5021pAnSA%253D%253D%26sr%3D1-2-7efdef4d-9875-47e1-927f-8c2c1c47ed49-spons%26sp_csd%3Dd2lkZ2V0TmFtZT1zcF9zZWFyY2hfdGhlbWF0aWM%26psc%3D1
23,"Champion Men'S Muscle T-Shirt, Sleeveless, Muscle Tank, Classic Muscle Tee Top For Men (Reg. Or Big & Tall)",$20.00,$12.00,4.5 out of 5 stars,"21,948",https://m.media-amazon.com/images/I/71vXb8bYUwL._AC_UL320_.jpg,https://www.amazon.com/sspa/click?ie=UTF8&spc=MTo4OTkwNTc4NjYxMzUxOTU5OjE3MjUyMTQxNTM6c3Bfc2VhcmNoX3RoZW1hdGljOjMwMDIzMzE4MjI0MjMwMjo6Mzo6&url=%2FChampion-Classic-Jersey-Muscle-T-Shirt%2Fdp%2FB01N2QLXWQ%2Fref%3Dsxin_25_pa_sp_search_thematic_sspa%3Fcontent-id%3Damzn1.sym.96158ba9-1eda-4850-881a-baa74e8ee05d%253Aamzn1.sym.96158ba9-1eda-4850-881a-baa74e8ee05d%26cv_ct_cx%3DT-shirt%26dib%3DeyJ2IjoiMSJ9.Fzql_ZsuPws9_JoArPskJmOOyefgsTMm6LcJmHul0-TmsNEoDMc8iIflHfoZMboA.QcW9nS3qFpZ0dIkKEJVgJbn_zqlZ9VxISaFyDNpLMOc%26dib_tag%3Dse%26keywords%3DT-shirt%26pd_rd_i%3DB01N2QLXWQ%26pd_rd_r%3Dc6c9305e-3f30-4801-b3a3-f7291eecaa8c%26pd_rd_w%3D2dJJI%26pd_rd_wg%3DSvBXD%26pf_rd_p%3D96158ba9-1eda-4850-881a-baa74e8ee05d%26pf_rd_r%3DHVYK6Q7SAK1M4K2Y3S5K%26qid%3D1725214153%26sbo%3DRZvfv%252F%252FHxDF%252BO5021pAnSA%253D%253D%26sr%3D1-3-7efdef4d-9875-47e1-927f-8c2c1c47ed49-spons%26sp_csd%3Dd2lkZ2V0TmFtZT1zcF9zZWFyY2hfdGhlbWF0aWM%26psc%3D1
24,"Gildan Men's V-Neck T-Shirts, Multipack, Style G1103",No MRP found,$30.57,4.5 out of 5 stars,"134,931",https://m.media-amazon.com/images/I/71nnt43KdKL._AC_UL320_.jpg,https://www.amazon.com/sspa/click?ie=UTF8&spc=MTo4OTkwNTc4NjYxMzUxOTU5OjE3MjUyMTQxNTM6c3Bfc2VhcmNoX3RoZW1hdGljOjIwMDEzNDg4MzE2NTE5ODo6NDo6&url=%2FGildan-V-Neck-T-Shirts-Multipacks-Medium%2Fdp%2FB07JBRCX8W%2Fref%3Dsxin_25_pa_sp_search_thematic_sspa%3Fcontent-id%3Damzn1.sym.96158ba9-1eda-4850-881a-baa74e8ee05d%253Aamzn1.sym.96158ba9-1eda-4850-881a-baa74e8ee05d%26cv_ct_cx%3DT-shirt%26dib%3DeyJ2IjoiMSJ9.Fzql_ZsuPws9_JoArPskJmOOyefgsTMm6LcJmHul0-TmsNEoDMc8iIflHfoZMboA.QcW9nS3qFpZ0dIkKEJVgJbn_zqlZ9VxISaFyDNpLMOc%26dib_tag%3Dse%26keywords%3DT-shirt%26pd_rd_i%3DB07JBRCX8W%26pd_rd_r%3Dc6c9305e-3f30-4801-b3a3-f7291eecaa8c%26pd_rd_w%3D2dJJI%26pd_rd_wg%3DSvBXD%26pf_rd_p%3D96158ba9-1eda-4850-881a-baa74e8ee05d%26pf_rd_r%3DHVYK6Q7SAK1M4K2Y3S5K%26qid%3D1725214153%26sbo%3DRZvfv%252F%252FHxDF%252BO5021pAnSA%253D%253D%26sr%3D1-4-7efdef4d-9875-47e1-927f-8c2c1c47ed49-spons%26sp_csd%3Dd2lkZ2V0TmFtZT1zcF9zZWFyY2hfdGhlbWF0aWM%26psc%3D1
25,No title found,No MRP found,No discounted price found,No rating found,No rating count found,No image found,No URL found
26,MCPORO Workout Shirts for Men Short Sleeve Quick Dry Athletic Gym Active T Shirt Moisture Wicking,No MRP found,$43.99,4.4 out of 5 stars,"9,883",https://m.media-amazon.com/images/I/81h2yu7SFML._AC_UL320_.jpg,https://www.amazon.com/MCPORO-Workout-Athletic-Moisture-Wicking/dp/B08BC4HDS2/ref=sr_1_17?dib=eyJ2IjoiMSJ9.mvcqarphNb1SG7vyqdxLCxRbNCcfekdq3dwDQ3AHGqGT5gbZOODCFLucjYsnJZDzeycBR7xHLeQ938K1yIz4pddS1BYnsKwUsdjfXHypA4cRf14spB7CRKwqYhnX7xKwOFp7BfIujmkRvuvjakaLX4JEZkDuJsjbILkGQcgKouCfykPqtKQguBSxt6yuBVUoz4KHr9iLUcvMu6V478zowSGaO1sMeHSZjSxD_gTWX_oTG1RbD4rN8Pga2Nk3NXphVBIjRFofWBBuTLv_BZ1KE6n-p8FxkyxnR3gwMrAFSRs.8hHZC95AGj2jWYohbwovtTv1ZYpniNz0mXIXR24HJN4&dib_tag=se&keywords=T-shirt&qid=1725214153&sr=8-17
27,"Gildan Unisex-Adult Heavy Cotton T-Shirt, Style G5000, Multipack",$39.99,$34.99,4.5 out of 5 stars,"88,498",https://m.media-amazon.com/images/I/61lDolpjTRL._AC_UL320_.jpg,https://www.amazon.com/Gildan-10-Pack-T-Shirt-G5000-X-Large/dp/B0828N9Y56/ref=sr_1_18?dib=eyJ2IjoiMSJ9.mvcqarphNb1SG7vyqdxLCxRbNCcfekdq3dwDQ3AHGqGT5gbZOODCFLucjYsnJZDzeycBR7xHLeQ938K1yIz4pddS1BYnsKwUsdjfXHypA4cRf14spB7CRKwqYhnX7xKwOFp7BfIujmkRvuvjakaLX4JEZkDuJsjbILkGQcgKouCfykPqtKQguBSxt6yuBVUoz4KHr9iLUcvMu6V478zowSGaO1sMeHSZjSxD_gTWX_oTG1RbD4rN8Pga2Nk3NXphVBIjRFofWBBuTLv_BZ1KE6n-p8FxkyxnR3gwMrAFSRs.8hHZC95AGj2jWYohbwovtTv1ZYpniNz0mXIXR24HJN4&dib_tag=se&keywords=T-shirt&qid=1725214153&sr=8-18
28,Wihion Men Turtleneck Mock Neck T Shirts Short Sleeve Ribbed High Neck T-shirt Tee,$19.99,$17.99,4.1 out of 5 stars,113,https://m.media-amazon.com/images/I/61iuckxeRmL._AC_UL320_.jpg,https://www.amazon.com/sspa/click?ie=UTF8&spc=MTo5NjgwMDQ1NDU1MjI4NzY6MTcyNTIxNDE1MzpzcF9tdGY6MzAwMzU0NDUwMDEwNjAyOjowOjo&url=%2FWihion-Ribbed-Turtleneck-T-Shirt-Sleeve%2Fdp%2FB0CBPWW9TD%2Fref%3Dsr_1_19_sspa%3Fdib%3DeyJ2IjoiMSJ9.mvcqarphNb1SG7vyqdxLCxRbNCcfekdq3dwDQ3AHGqGT5gbZOODCFLucjYsnJZDzeycBR7xHLeQ938K1yIz4pddS1BYnsKwUsdjfXHypA4cRf14spB7CRKwqYhnX7xKwOFp7BfIujmkRvuvjakaLX4JEZkDuJsjbILkGQcgKouCfykPqtKQguBSxt6yuBVUoz4KHr9iLUcvMu6V478zowSGaO1sMeHSZjSxD_gTWX_oTG1RbD4rN8Pga2Nk3NXphVBIjRFofWBBuTLv_BZ1KE6n-p8FxkyxnR3gwMrAFSRs.8hHZC95AGj2jWYohbwovtTv1ZYpniNz0mXIXR24HJN4%26dib_tag%3Dse%26keywords%3DT-shirt%26qid%3D1725214153%26sr%3D8-19-spons%26sp_csd%3Dd2lkZ2V0TmFtZT1zcF9tdGY%26psc%3D1
29,"Champion Men'S Sleeveless T-Shirt, Sport Muscle Tank, Moisture Wicking, Muscle T-Shirt For Men (Reg. Or Big & Tall)",$25.00,$15.00,4.5 out of 5 stars,707,https://m.media-amazon.com/images/I/71d4iBfee5L._AC_UL320_.jpg,https://www.amazon.com/sspa/click?ie=UTF8&spc=MTo5NjgwMDQ1NDU1MjI4NzY6MTcyNTIxNDE1MzpzcF9tdGY6MzAwMjMzMTgyMjQxMjAyOjowOjo&url=%2FChampion-Sleeveless-Moisture-Wicking-T-Shirt%2Fdp%2FB08C2PGQMQ%2Fref%3Dsr_1_20_sspa%3Fdib%3DeyJ2IjoiMSJ9.mvcqarphNb1SG7vyqdxLCxRbNCcfekdq3dwDQ3AHGqGT5gbZOODCFLucjYsnJZDzeycBR7xHLeQ938K1yIz4pddS1BYnsKwUsdjfXHypA4cRf14spB7CRKwqYhnX7xKwOFp7BfIujmkRvuvjakaLX4JEZkDuJsjbILkGQcgKouCfykPqtKQguBSxt6yuBVUoz4KHr9iLUcvMu6V478zowSGaO1sMeHSZjSxD_gTWX_oTG1RbD4rN8Pga2Nk3NXphVBIjRFofWBBuTLv_BZ1KE6n-p8FxkyxnR3gwMrAFSRs.8hHZC95AGj2jWYohbwovtTv1ZYpniNz0mXIXR24HJN4%26dib_tag%3Dse%26keywords%3DT-shirt%26qid%3D1725214153%26sr%3D8-20-spons%26sp_csd%3Dd2lkZ2V0TmFtZT1zcF9tdGY%26psc%3D1
30,Womens Tops Crewneck Raglan Summer T Shirts Casual Short Sleeve Side Split Tee Shirts,No MRP found,$14.99,4.3 out of 5 stars,478,https://m.media-amazon.com/images/I/71UpiBgOSwL._AC_UL320_.jpg,https://www.amazon.com/sspa/click?ie=UTF8&spc=MTo5NjgwMDQ1NDU1MjI4NzY6MTcyNTIxNDE1MzpzcF9tdGY6MzAwMTkyMjM3MTYzMTAyOjowOjo&url=%2FSURBEI-Summer-Shirts-Crewneck-Tshirts%2Fdp%2FB0C1YZK57N%2Fref%3Dsr_1_21_sspa%3Fdib%3DeyJ2IjoiMSJ9.mvcqarphNb1SG7vyqdxLCxRbNCcfekdq3dwDQ3AHGqGT5gbZOODCFLucjYsnJZDzeycBR7xHLeQ938K1yIz4pddS1BYnsKwUsdjfXHypA4cRf14spB7CRKwqYhnX7xKwOFp7BfIujmkRvuvjakaLX4JEZkDuJsjbILkGQcgKouCfykPqtKQguBSxt6yuBVUoz4KHr9iLUcvMu6V478zowSGaO1sMeHSZjSxD_gTWX_oTG1RbD4rN8Pga2Nk3NXphVBIjRFofWBBuTLv_BZ1KE6n-p8FxkyxnR3gwMrAFSRs.8hHZC95AGj2jWYohbwovtTv1ZYpniNz0mXIXR24HJN4%26dib_tag%3Dse%26keywords%3DT-shirt%26qid%3D1725214153%26sr%3D8-21-spons%26sp_csd%3Dd2lkZ2V0TmFtZT1zcF9tdGY%26psc%3D1
31,Real Essentials 4 Pack: Men's Cotton Performance Short Sleeve Crew Neck Pocket T-Shirt Athletic Top (Available in Big & Tall),No MRP found,$29.99,4.2 out of 5 stars,"2,942",https://m.media-amazon.com/images/I/614r8UxSycL._AC_UL320_.jpg,https://www.amazon.com/sspa/click?ie=UTF8&spc=MTo5NjgwMDQ1NDU1MjI4NzY6MTcyNTIxNDE1MzpzcF9tdGY6MzAwMzY3NjU0NjI3MTAyOjowOjo&url=%2FPack-Workwear-Athleticwear-Breathable-Loungewear-Set%2Fdp%2FB08QYD4B8H%2Fref%3Dsr_1_22_sspa%3Fdib%3DeyJ2IjoiMSJ9.mvcqarphNb1SG7vyqdxLCxRbNCcfekdq3dwDQ3AHGqGT5gbZOODCFLucjYsnJZDzeycBR7xHLeQ938K1yIz4pddS1BYnsKwUsdjfXHypA4cRf14spB7CRKwqYhnX7xKwOFp7BfIujmkRvuvjakaLX4JEZkDuJsjbILkGQcgKouCfykPqtKQguBSxt6yuBVUoz4KHr9iLUcvMu6V478zowSGaO1sMeHSZjSxD_gTWX_oTG1RbD4rN8Pga2Nk3NXphVBIjRFofWBBuTLv_BZ1KE6n-p8FxkyxnR3gwMrAFSRs.8hHZC95AGj2jWYohbwovtTv1ZYpniNz0mXIXR24HJN4%26dib_tag%3Dse%26keywords%3DT-shirt%26qid%3D1725214153%26sr%3D8-22-spons%26sp_csd%3Dd2lkZ2V0TmFtZT1zcF9tdGY%26psc%3D1
32,Kingsted T-Shirts for Men Pack - Royally Comfortable - Super Soft Premium Fabric - Well-Crafted Classic Tee,No MRP found,$45.98,4.3 out of 5 stars,"9,861",https://m.media-amazon.com/images/I/617IjJArgKL._AC_UL320_.jpg,https://www.amazon.com/Kingsted-Mens-T-Shirts-Pack-Comfortable/dp/B07NHW8Z3N/ref=sr_1_23?dib=eyJ2IjoiMSJ9.mvcqarphNb1SG7vyqdxLCxRbNCcfekdq3dwDQ3AHGqGT5gbZOODCFLucjYsnJZDzeycBR7xHLeQ938K1yIz4pddS1BYnsKwUsdjfXHypA4cRf14spB7CRKwqYhnX7xKwOFp7BfIujmkRvuvjakaLX4JEZkDuJsjbILkGQcgKouCfykPqtKQguBSxt6yuBVUoz4KHr9iLUcvMu6V478zowSGaO1sMeHSZjSxD_gTWX_oTG1RbD4rN8Pga2Nk3NXphVBIjRFofWBBuTLv_BZ1KE6n-p8FxkyxnR3gwMrAFSRs.8hHZC95AGj2jWYohbwovtTv1ZYpniNz0mXIXR24HJN4&dib_tag=se&keywords=T-shirt&qid=1725214153&sr=8-23
33,"5 Pack Men's Dry Fit T Shirts, Athletic Running Gym Workout Short Sleeve Tee Shirts for Men",No MRP found,$26.99,4.3 out of 5 stars,"7,299",https://m.media-amazon.com/images/I/815IbGwdKJL._AC_UL320_.jpg,https://www.amazon.com/Athletic-Running-Workout-X-Large-Regular/dp/B09B52VSNC/ref=sr_1_24?dib=eyJ2IjoiMSJ9.mvcqarphNb1SG7vyqdxLCxRbNCcfekdq3dwDQ3AHGqGT5gbZOODCFLucjYsnJZDzeycBR7xHLeQ938K1yIz4pddS1BYnsKwUsdjfXHypA4cRf14spB7CRKwqYhnX7xKwOFp7BfIujmkRvuvjakaLX4JEZkDuJsjbILkGQcgKouCfykPqtKQguBSxt6yuBVUoz4KHr9iLUcvMu6V478zowSGaO1sMeHSZjSxD_gTWX_oTG1RbD4rN8Pga2Nk3NXphVBIjRFofWBBuTLv_BZ1KE6n-p8FxkyxnR3gwMrAFSRs.8hHZC95AGj2jWYohbwovtTv1ZYpniNz0mXIXR24HJN4&dib_tag=se&keywords=T-shirt&qid=1725214153&sr=8-24
34,"Hanes Men's Cotton, Moisture-Wicking Crew Tee Undershirts, Multi-Packs Available",$19.00,$15.20,4.5 out of 5 stars,"69,398",https://m.media-amazon.com/images/I/51lcacCccHL._AC_UL320_.jpg,https://www.amazon.com/Hanes-Available-Moisture-Wicking-Undershirts-Multipack/dp/B00L6PI71W/ref=sr_1_25?dib=eyJ2IjoiMSJ9.mvcqarphNb1SG7vyqdxLCxRbNCcfekdq3dwDQ3AHGqGT5gbZOODCFLucjYsnJZDzeycBR7xHLeQ938K1yIz4pddS1BYnsKwUsdjfXHypA4cRf14spB7CRKwqYhnX7xKwOFp7BfIujmkRvuvjakaLX4JEZkDuJsjbILkGQcgKouCfykPqtKQguBSxt6yuBVUoz4KHr9iLUcvMu6V478zowSGaO1sMeHSZjSxD_gTWX_oTG1RbD4rN8Pga2Nk3NXphVBIjRFofWBBuTLv_BZ1KE6n-p8FxkyxnR3gwMrAFSRs.8hHZC95AGj2jWYohbwovtTv1ZYpniNz0mXIXR24HJN4&dib_tag=se&keywords=T-shirt&qid=1725214153&sr=8-25
35,"Gildan Unisex-Adult Softstyle Cotton T-Shirt, Style G64000, Multipack",No MRP found,$11.35,4.5 out of 5 stars,"16,565",https://m.media-amazon.com/images/I/816rzNVnzEL._AC_UL320_.jpg,https://www.amazon.com/Gildan-Fitted-Cotton-T-Shirt-2-Pack/dp/B07MKKQZJ4/ref=sr_1_26?dib=eyJ2IjoiMSJ9.mvcqarphNb1SG7vyqdxLCxRbNCcfekdq3dwDQ3AHGqGT5gbZOODCFLucjYsnJZDzeycBR7xHLeQ938K1yIz4pddS1BYnsKwUsdjfXHypA4cRf14spB7CRKwqYhnX7xKwOFp7BfIujmkRvuvjakaLX4JEZkDuJsjbILkGQcgKouCfykPqtKQguBSxt6yuBVUoz4KHr9iLUcvMu6V478zowSGaO1sMeHSZjSxD_gTWX_oTG1RbD4rN8Pga2Nk3NXphVBIjRFofWBBuTLv_BZ1KE6n-p8FxkyxnR3gwMrAFSRs.8hHZC95AGj2jWYohbwovtTv1ZYpniNz0mXIXR24HJN4&dib_tag=se&keywords=T-shirt&qid=1725214153&sr=8-26
36,"Gildan Men's V-Neck T-Shirts, Multipack, Style G1103",$21.99,$20.97,4.5 out of 5 stars,"134,931",https://m.media-amazon.com/images/I/61sLX7OzasS._AC_UL320_.jpg,https://www.amazon.com/Gildan-T-Shirts-Multipack-Charcoal-Military/dp/B09312633V/ref=sr_1_27?dib=eyJ2IjoiMSJ9.mvcqarphNb1SG7vyqdxLCxRbNCcfekdq3dwDQ3AHGqGT5gbZOODCFLucjYsnJZDzeycBR7xHLeQ938K1yIz4pddS1BYnsKwUsdjfXHypA4cRf14spB7CRKwqYhnX7xKwOFp7BfIujmkRvuvjakaLX4JEZkDuJsjbILkGQcgKouCfykPqtKQguBSxt6yuBVUoz4KHr9iLUcvMu6V478zowSGaO1sMeHSZjSxD_gTWX_oTG1RbD4rN8Pga2Nk3NXphVBIjRFofWBBuTLv_BZ1KE6n-p8FxkyxnR3gwMrAFSRs.8hHZC95AGj2jWYohbwovtTv1ZYpniNz0mXIXR24HJN4&dib_tag=se&keywords=T-shirt&qid=1725214153&sr=8-27
37,"Fruit of the Loom Men's Eversoft Cotton T Shirts, Breathable & Moisture Wicking with Odor Control, Sizes S-4x",$16.99,$12.59,4.5 out of 5 stars,"6,538",https://m.media-amazon.com/images/I/71CtspAOaEL._AC_UL320_.jpg,https://www.amazon.com/Fruit-Loom-Eversoft-T-Shirts-Pack-Military/dp/B09T3SFNRZ/ref=sr_1_28?dib=eyJ2IjoiMSJ9.mvcqarphNb1SG7vyqdxLCxRbNCcfekdq3dwDQ3AHGqGT5gbZOODCFLucjYsnJZDzeycBR7xHLeQ938K1yIz4pddS1BYnsKwUsdjfXHypA4cRf14spB7CRKwqYhnX7xKwOFp7BfIujmkRvuvjakaLX4JEZkDuJsjbILkGQcgKouCfykPqtKQguBSxt6yuBVUoz4KHr9iLUcvMu6V478zowSGaO1sMeHSZjSxD_gTWX_oTG1RbD4rN8Pga2Nk3NXphVBIjRFofWBBuTLv_BZ1KE6n-p8FxkyxnR3gwMrAFSRs.8hHZC95AGj2jWYohbwovtTv1ZYpniNz0mXIXR24HJN4&dib_tag=se&keywords=T-shirt&qid=1725214153&sr=8-28
38,"Hanes Men's Heavyweight Pocket T-Shirt, Beefy-T Full-Cut Cotton Pocket Tee for Men, Crewneck T-Shirt For Men, 1 or 2 Pack",$14.00,$8.00,4.5 out of 5 stars,"17,535",https://m.media-amazon.com/images/I/81m+pQS6wjL._AC_UL320_.jpg,https://www.amazon.com/Hanes-Sleeve-Beefy-T-Pocket-X-Large/dp/B00WK0THTI/ref=sr_1_29?dib=eyJ2IjoiMSJ9.mvcqarphNb1SG7vyqdxLCxRbNCcfekdq3dwDQ3AHGqGT5gbZOODCFLucjYsnJZDzeycBR7xHLeQ938K1yIz4pddS1BYnsKwUsdjfXHypA4cRf14spB7CRKwqYhnX7xKwOFp7BfIujmkRvuvjakaLX4JEZkDuJsjbILkGQcgKouCfykPqtKQguBSxt6yuBVUoz4KHr9iLUcvMu6V478zowSGaO1sMeHSZjSxD_gTWX_oTG1RbD4rN8Pga2Nk3NXphVBIjRFofWBBuTLv_BZ1KE6n-p8FxkyxnR3gwMrAFSRs.8hHZC95AGj2jWYohbwovtTv1ZYpniNz0mXIXR24HJN4&dib_tag=se&keywords=T-shirt&qid=1725214153&sr=8-29
39,INTO THE AM Mens T Shirt - Short Sleeve Crew Neck Soft Fitted Tees S - 4XL Fresh Classic Tshirts,$29.95,$23.94,4.3 out of 5 stars,"9,767",https://m.media-amazon.com/images/I/61E4URgY4xL._AC_UL320_.jpg,https://www.amazon.com/INTO-AM-Mens-Fitted-Essential/dp/B08XTWF6DH/ref=sr_1_30?dib=eyJ2IjoiMSJ9.mvcqarphNb1SG7vyqdxLCxRbNCcfekdq3dwDQ3AHGqGT5gbZOODCFLucjYsnJZDzeycBR7xHLeQ938K1yIz4pddS1BYnsKwUsdjfXHypA4cRf14spB7CRKwqYhnX7xKwOFp7BfIujmkRvuvjakaLX4JEZkDuJsjbILkGQcgKouCfykPqtKQguBSxt6yuBVUoz4KHr9iLUcvMu6V478zowSGaO1sMeHSZjSxD_gTWX_oTG1RbD4rN8Pga2Nk3NXphVBIjRFofWBBuTLv_BZ1KE6n-p8FxkyxnR3gwMrAFSRs.8hHZC95AGj2jWYohbwovtTv1ZYpniNz0mXIXR24HJN4&dib_tag=se&keywords=T-shirt&qid=1725214153&sr=8-30
40,"Champion Men'S Tshirt, Classic Graphic Tshirt Soft And Comfortable T-Shirts For Men, Script Logo Reg. Or Big & Tall",$25.00,$9.99,4.6 out of 5 stars,"62,728",https://m.media-amazon.com/images/I/61ECvCbRZeL._AC_UL320_.jpg,https://www.amazon.com/Champion-T-Shirt-Crewneck-Cotton-Mid-Weight/dp/B07HRTTM8H/ref=sr_1_31?dib=eyJ2IjoiMSJ9.mvcqarphNb1SG7vyqdxLCxRbNCcfekdq3dwDQ3AHGqGT5gbZOODCFLucjYsnJZDzeycBR7xHLeQ938K1yIz4pddS1BYnsKwUsdjfXHypA4cRf14spB7CRKwqYhnX7xKwOFp7BfIujmkRvuvjakaLX4JEZkDuJsjbILkGQcgKouCfykPqtKQguBSxt6yuBVUoz4KHr9iLUcvMu6V478zowSGaO1sMeHSZjSxD_gTWX_oTG1RbD4rN8Pga2Nk3NXphVBIjRFofWBBuTLv_BZ1KE6n-p8FxkyxnR3gwMrAFSRs.8hHZC95AGj2jWYohbwovtTv1ZYpniNz0mXIXR24HJN4&dib_tag=se&keywords=T-shirt&qid=1725214153&sr=8-31
41,Hanes Women's Perfect-T Short Sleeve Cotton Crewneck T-Shirt,No MRP found,$7.75,4.2 out of 5 stars,"47,175",https://m.media-amazon.com/images/I/71M9peTkd3L._AC_UL320_.jpg,https://www.amazon.com/Hanes-Womens-T-Shirt-Medium-White/dp/B00KRYLKH6/ref=sr_1_32?dib=eyJ2IjoiMSJ9.mvcqarphNb1SG7vyqdxLCxRbNCcfekdq3dwDQ3AHGqGT5gbZOODCFLucjYsnJZDzeycBR7xHLeQ938K1yIz4pddS1BYnsKwUsdjfXHypA4cRf14spB7CRKwqYhnX7xKwOFp7BfIujmkRvuvjakaLX4JEZkDuJsjbILkGQcgKouCfykPqtKQguBSxt6yuBVUoz4KHr9iLUcvMu6V478zowSGaO1sMeHSZjSxD_gTWX_oTG1RbD4rN8Pga2Nk3NXphVBIjRFofWBBuTLv_BZ1KE6n-p8FxkyxnR3gwMrAFSRs.8hHZC95AGj2jWYohbwovtTv1ZYpniNz0mXIXR24HJN4&dib_tag=se&keywords=T-shirt&qid=1725214153&sr=8-32
42,Hanes mens Originals Lightweight Tri-Blend Crewneck T-Shirts,$16.00,$7.99,4.2 out of 5 stars,"1,462",https://m.media-amazon.com/images/I/812k8naq1iL._AC_UL320_.jpg,https://www.amazon.com/Hanes-Originals-Lightweight-Tri-Blend-Silverstone/dp/B0BTTQ7DDH/ref=sr_1_33?dib=eyJ2IjoiMSJ9.mvcqarphNb1SG7vyqdxLCxRbNCcfekdq3dwDQ3AHGqGT5gbZOODCFLucjYsnJZDzeycBR7xHLeQ938K1yIz4pddS1BYnsKwUsdjfXHypA4cRf14spB7CRKwqYhnX7xKwOFp7BfIujmkRvuvjakaLX4JEZkDuJsjbILkGQcgKouCfykPqtKQguBSxt6yuBVUoz4KHr9iLUcvMu6V478zowSGaO1sMeHSZjSxD_gTWX_oTG1RbD4rN8Pga2Nk3NXphVBIjRFofWBBuTLv_BZ1KE6n-p8FxkyxnR3gwMrAFSRs.8hHZC95AGj2jWYohbwovtTv1ZYpniNz0mXIXR24HJN4&dib_tag=se&keywords=T-shirt&qid=1725214153&sr=8-33
43,Fruit of the Loom Men's Eversoft Cotton Stay Tucked V-Neck T-Shirt,$18.49,$17.48,4.6 out of 5 stars,"47,113",https://m.media-amazon.com/images/I/51sc3-LB+hL._AC_UL320_.jpg,https://www.amazon.com/Fruit-Loom-6-Pack-Tucked-T-Shirt/dp/B00VTVCR3C/ref=sr_1_34?dib=eyJ2IjoiMSJ9.mvcqarphNb1SG7vyqdxLCxRbNCcfekdq3dwDQ3AHGqGT5gbZOODCFLucjYsnJZDzeycBR7xHLeQ938K1yIz4pddS1BYnsKwUsdjfXHypA4cRf14spB7CRKwqYhnX7xKwOFp7BfIujmkRvuvjakaLX4JEZkDuJsjbILkGQcgKouCfykPqtKQguBSxt6yuBVUoz4KHr9iLUcvMu6V478zowSGaO1sMeHSZjSxD_gTWX_oTG1RbD4rN8Pga2Nk3NXphVBIjRFofWBBuTLv_BZ1KE6n-p8FxkyxnR3gwMrAFSRs.8hHZC95AGj2jWYohbwovtTv1ZYpniNz0mXIXR24HJN4&dib_tag=se&keywords=T-shirt&qid=1725214153&sr=8-34
44,5 Pack Menâ€™s Active Quick Dry Crew Neck T Shirts | Athletic Running Gym Workout Short Sleeve Tee Tops Bulk,$59.95,$39.95,4.6 out of 5 stars,"43,876",https://m.media-amazon.com/images/I/71nykOlQFxL._AC_UL320_.jpg,https://www.amazon.com/Active-Shirts-Athletic-Running-Workout/dp/B0B728NH19/ref=sr_1_35?dib=eyJ2IjoiMSJ9.mvcqarphNb1SG7vyqdxLCxRbNCcfekdq3dwDQ3AHGqGT5gbZOODCFLucjYsnJZDzeycBR7xHLeQ938K1yIz4pddS1BYnsKwUsdjfXHypA4cRf14spB7CRKwqYhnX7xKwOFp7BfIujmkRvuvjakaLX4JEZkDuJsjbILkGQcgKouCfykPqtKQguBSxt6yuBVUoz4KHr9iLUcvMu6V478zowSGaO1sMeHSZjSxD_gTWX_oTG1RbD4rN8Pga2Nk3NXphVBIjRFofWBBuTLv_BZ1KE6n-p8FxkyxnR3gwMrAFSRs.8hHZC95AGj2jWYohbwovtTv1ZYpniNz0mXIXR24HJN4&dib_tag=se&keywords=T-shirt&qid=1725214153&sr=8-35
45,1/5 Pack Workout Shirts for Men Athletic Running Gym Quick Dry Short Sleeve Performance Moisture Wicking T Shirt,$19.99,$17.99,4.6 out of 5 stars,183,https://m.media-amazon.com/images/I/61GltY-BrXL._AC_UL320_.jpg,https://www.amazon.com/HovSiyla-Athletic-Performance-Moisture-Burgundy/dp/B0D266SMGD/ref=sr_1_36?dib=eyJ2IjoiMSJ9.mvcqarphNb1SG7vyqdxLCxRbNCcfekdq3dwDQ3AHGqGT5gbZOODCFLucjYsnJZDzeycBR7xHLeQ938K1yIz4pddS1BYnsKwUsdjfXHypA4cRf14spB7CRKwqYhnX7xKwOFp7BfIujmkRvuvjakaLX4JEZkDuJsjbILkGQcgKouCfykPqtKQguBSxt6yuBVUoz4KHr9iLUcvMu6V478zowSGaO1sMeHSZjSxD_gTWX_oTG1RbD4rN8Pga2Nk3NXphVBIjRFofWBBuTLv_BZ1KE6n-p8FxkyxnR3gwMrAFSRs.8hHZC95AGj2jWYohbwovtTv1ZYpniNz0mXIXR24HJN4&dib_tag=se&keywords=T-shirt&qid=1725214153&sr=8-36
46,"Amazon Essentials Women's Classic-Fit Short-Sleeve Crewneck T-Shirt, Multipacks",$15.90,$8.00,4.4 out of 5 stars,"51,576",https://m.media-amazon.com/images/I/916Th99X5iL._AC_UL320_.jpg,https://www.amazon.com/Amazon-Essentials-Short-Sleeve-Crewneck-Charcoal/dp/B0775YR7J1/ref=sr_1_37?dib=eyJ2IjoiMSJ9.mvcqarphNb1SG7vyqdxLCxRbNCcfekdq3dwDQ3AHGqGT5gbZOODCFLucjYsnJZDzeycBR7xHLeQ938K1yIz4pddS1BYnsKwUsdjfXHypA4cRf14spB7CRKwqYhnX7xKwOFp7BfIujmkRvuvjakaLX4JEZkDuJsjbILkGQcgKouCfykPqtKQguBSxt6yuBVUoz4KHr9iLUcvMu6V478zowSGaO1sMeHSZjSxD_gTWX_oTG1RbD4rN8Pga2Nk3NXphVBIjRFofWBBuTLv_BZ1KE6n-p8FxkyxnR3gwMrAFSRs.8hHZC95AGj2jWYohbwovtTv1ZYpniNz0mXIXR24HJN4&dib_tag=se&keywords=T-shirt&qid=1725214153&sr=8-37
47,MCPORO Workout Shirts for Men Short Sleeve Quick Dry Athletic Gym Active T Shirt Moisture Wicking,$43.99,$27.99,4.4 out of 5 stars,"2,535",https://m.media-amazon.com/images/I/81oW0VzQgZL._AC_UL320_.jpg,https://www.amazon.com/MCPORO-Workout-Athletic-Moisture-Wicking/dp/B08M3XJK31/ref=sr_1_38?dib=eyJ2IjoiMSJ9.mvcqarphNb1SG7vyqdxLCxRbNCcfekdq3dwDQ3AHGqGT5gbZOODCFLucjYsnJZDzeycBR7xHLeQ938K1yIz4pddS1BYnsKwUsdjfXHypA4cRf14spB7CRKwqYhnX7xKwOFp7BfIujmkRvuvjakaLX4JEZkDuJsjbILkGQcgKouCfykPqtKQguBSxt6yuBVUoz4KHr9iLUcvMu6V478zowSGaO1sMeHSZjSxD_gTWX_oTG1RbD4rN8Pga2Nk3NXphVBIjRFofWBBuTLv_BZ1KE6n-p8FxkyxnR3gwMrAFSRs.8hHZC95AGj2jWYohbwovtTv1ZYpniNz0mXIXR24HJN4&dib_tag=se&keywords=T-shirt&qid=1725214153&sr=8-38
