Product Title,Product MRP,Discounted Price,Product Rating,Rating Count,Product Image URL
Women Dunk Low Sneaker,No MRP found,No discounted price found,|399,No rating count found,No image found
Air Jordan 1 Low Men's Shoes,No MRP found,No discounted price found,|93,No rating count found,No image found
Men Running Shoes,Rs.3499,Rs.1469,|141,No rating count found,No image found
Girls Ballerinas Flats,Rs.999,Rs.599,|7,No rating count found,No image found
Kids Anti-Skid Shoes,No MRP found,No discounted price found,|574,No rating count found,No image found
Men Memory Foam Running Shoes,Rs.2999,Rs.929,|34.8k,No rating count found,No image found
Kids Printed Sneakers,Rs.2999,Rs.599,|583,No rating count found,No image found
Men Dunk Low Retro Shoes,No MRP found,No discounted price found,|837,No rating count found,No image found
Men Mesh Running Shoes,Rs.1099,Rs.824,|1.4k,No rating count found,No image found
Women Revolution 6 Running,No MRP found,No discounted price found,|7.9k,No rating count found,No image found
Men Giannis Basketball Shoes,No MRP found,No discounted price found,|443,No rating count found,No image found
Men Formal Slip-On Shoes,Rs.2770,Rs.747,|240,No rating count found,No image found
Men Memory Foam Running Shoes,Rs.2999,Rs.929,|34.8k,No rating count found,No image found
Men Textured Formal Oxfords,Rs.3499,Rs.1294,|23,No rating count found,No image found
Women Running Shoes,Rs.2999,Rs.929,|8.1k,No rating count found,No image found
Men Zoom Mesh Running Shoes,Rs.3299,Rs.999,|1.8k,No rating count found,No image found
Solid Formal Leather Derbys,Rs.7199,Rs.2879,|89,No rating count found,No image found
Unisex Badminton Indoor Shoes,Rs.4999,Rs.2149,|3.1k,No rating count found,No image found
Men Zap-Run Running Shoes,Rs.4299,Rs.2149,|220,No rating count found,No image found
Kids Expanding Slip-On Shoes,No MRP found,No discounted price found,|574,No rating count found,No image found
Women Mesh Walking Shoes,Rs.2899,Rs.1246,|58,No rating count found,No image found
Women Flyer F V2 Running Shoes,Rs.4499,Rs.2249,|33,No rating count found,No image found
Air Force 1 '07 Shoes,No MRP found,No discounted price found,|14,No rating count found,No image found
Kids Velcro School Shoes,Rs.799,Rs.623,|1.5k,No rating count found,No image found
Men Solid Formal Derby Shoes,Rs.1499,Rs.1379,|755,No rating count found,No image found
Kids Anti-Skid Slip-On Shoes,No MRP found,No discounted price found,|105,No rating count found,No image found
Men D'Lux Walker Shoes,Rs.6999,Rs.3499,|32,No rating count found,No image found
Girls Barbie Printed Sneakers,No MRP found,No discounted price found,|276,No rating count found,No image found
Women Air Force 1 Sneakers,No MRP found,No discounted price found,|16,No rating count found,No image found
Women Adelina Slip-On Sneakers,Rs.3999,Rs.2199,|3k,No rating count found,No image found
Kids Printed LED Sneakers,Rs.2999,Rs.599,|601,No rating count found,No image found
Men Revolution 6 Running Shoes,No MRP found,No discounted price found,|5.7k,No rating count found,No image found
Textured Lace Up Block Heels,Rs.1799,Rs.899,|202,No rating count found,No image found
NRGY fusion Running Shoes,Rs.4299,Rs.2364,|601,No rating count found,No image found
Air Jordan 1 Low Women's Shoes,No MRP found,No discounted price found,|7,No rating count found,No image found
Women Running Shoes,No MRP found,No discounted price found,|5,No rating count found,No image found
Women Block Heels,Rs.1899,Rs.854,|1.5k,No rating count found,No image found
Men Legend Training Shoes,No MRP found,No discounted price found,|2.7k,No rating count found,No image found
Women Textured Running Shoes,Rs.3499,Rs.899,|30,No rating count found,No image found
Women SOFTRIDE Sophia 2 Star,Rs.6499,Rs.3899,|23,No rating count found,No image found
