,Product Title,Product Price,Product Rating,Product Image URL
0,No title found,No price found,No rating found,No image found
1,Amazon Essentials 14K Gold Plated Figaro Chain Bracelet,No price found,4.1 out of 5 stars,https://m.media-amazon.com/images/I/71ypWskbtVL._AC_UL320_.jpg
2,"Kate Lynn â™¥ Rise From the Ashes Phoenix Bracelet Made with Crystals from Austria, Adjustable Slider Bracelet for Women, Packaged with Jewelry Box, Birthday Gift for Women, Symbol of Luck and Renewal",$37.49,4.7 out of 5 stars,https://m.media-amazon.com/images/I/71zqpT6GeiL._AC_UL320_.jpg
3,"Kate Lynn ""Rise From the Ashes"" Phoenix Bracelet Made with Crystals from Austria, Adjustable Bangle Bracelet for Women 7""+2"", Packaged with Jewelry Box, Birthday Gift for Women, Symbol of Luck and Renewal",$36.99,4.6 out of 5 stars,https://m.media-amazon.com/images/I/715SgY4Ok8L._AC_UL320_.jpg
4,LOYALLOOK 6 Sets Bohemian Stackable Bead Bracelets for Women Stretch Bohemian Style Stretch Multilayered Boho Bracelet Set,$15.98,4.4 out of 5 stars,https://m.media-amazon.com/images/I/91ot5Y8TY5L._AC_UL320_.jpg
5,"DEARMAY Gold Bracelets for Women Waterproof, 14K Real Gold Jewelry Sets for Women Trendy Thin Dainty Stackable Cuban Link Paperclip Chain Bracelet Pack Fashion Accessories Gifts for Womens",$13.39,4.4 out of 5 stars,https://m.media-amazon.com/images/I/61hYYl5saHL._AC_UL320_.jpg
6,PAVOI 14K Gold Plated 3mm Cubic Zirconia Classic Tennis Bracelet | Gold Bracelets for Women | Size 6.5-7.5 Inch,No price found,4.4 out of 5 stars,https://m.media-amazon.com/images/I/51PpuzQQniL._AC_UL320_.jpg
7,LOYALLOOK 6 Sets Bohemian Stackable Bead Bracelets for Women Stretch Bohemian Style Stretch Multilayered Boho Bracelet Set,$15.98,4.4 out of 5 stars,https://m.media-amazon.com/images/I/91ot5Y8TY5L._AC_UL320_.jpg
8,"Swarovski Infinity Heart Jewelry Collection, Necklaces and Bracelets, Rose Gold & Rhodium Tone Finish, Clear Crystals",$88.42,4.6 out of 5 stars,https://m.media-amazon.com/images/I/61kApAhkziL._AC_UL320_.jpg
9,Reoxvo Gold Bracelets for Women Stack 14k Gold Plated Brass Charm Bangle Cuff Bracelet Set for Women Non Tarnish Gold Beaded Paperclip Chain Link Bracelets Jewelry for Women Trendy,$15.99,4.4 out of 5 stars,https://m.media-amazon.com/images/I/71WDA+yAY8L._AC_UL320_.jpg
